{"accuracy": [0.9976350160099443, 0.9960210490092054, 0.9971617515638963, 0.9969729096834763, 0.9975136268942096, 0.9974101870737971, 0.9978154908030028, 0.9973506372452363, 0.9980867981963272, 0.9972873640550687], "macro_f1": [0.9636691456562805, 0.9363339877335748, 0.95630385566044, 0.9526782404438295, 0.9620192635853544, 0.9598838159890701, 0.9668266385476098, 0.9595653286192296, 0.9711140128406435, 0.9579620713117039], "macro_precision": [0.9958505798674846, 0.9935690254955519, 0.9913219274649224, 0.9949122232106299, 0.9917701832388877, 0.99787202235217, 0.9916186002925853, 0.991511031789339, 0.9930457768877876, 0.9978044903647316], "macro_recall": [0.9355344494730766, 0.8913283362599339, 0.9260917095197856, 0.9172858315384351, 0.9357719177604509, 0.927447365397651, 0.9444933847484458, 0.9316435591272343, 0.9511125751422, 0.9242052101775443], "cls_0_precision": [0.9976919431451073, 0.9960917475886991, 0.9973463053382462, 0.9970359848827982, 0.9976988501498465, 0.997395767214958, 0.9980188355235805, 0.9975381926109361, 0.9982543136163538, 0.997271293719252], "cls_1_precision": [0.9940092165898617, 0.9910463034024047, 0.9852975495915987, 0.9927884615384616, 0.9858415163279287, 0.9983482774893818, 0.9852183650615901, 0.9854838709677419, 0.9878372401592216, 0.9983376870102113], "cls_0_recall": [0.999905732548738, 0.9998722716307993, 0.9997707398552386, 0.9998909840146227, 0.9997748532914996, 0.9999745448991615, 0.999760976086744, 0.9997700578870145, 0.9998009078601576, 0.9999744970453005], "cls_1_recall": [0.8711631663974152, 0.7827844008890685, 0.8524126791843327, 0.8346806790622474, 0.8717689822294022, 0.8549201858961406, 0.8892257934101475, 0.863517060367454, 0.9024242424242425, 0.8484359233097881], "cls_0_f1": [0.998797611157589, 0.9979784292941987, 0.9985570510047941, 0.9984614435578392, 0.9987357729107151, 0.9986834913446365, 0.9988891461984919, 0.9986528782650385, 0.9990270121677735, 0.9986210660360196], "cls_1_f1": [0.928540680154972, 0.874689546172951, 0.9140506603160857, 0.9068950373298199, 0.9253027542599935, 0.9210841406335039, 0.9347641308967276, 0.9204777789734209, 0.9432010135135135, 0.9173030765873882], "accuracy_orig": [0.9966335033302678, 0.9971407072987208, 0.9971351336287378, 0.9970961179388569, 0.9967616977398768, 0.9964774405707438, 0.9968230081096898, 0.9966948137000808, 0.9967282557199788, 0.9963826881810328], "macro_f1_orig": [0.844002927956316, 0.8377539315613407, 0.8560006465230681, 0.8570578500706539, 0.8395797568596695, 0.8209199681893358, 0.852326591785564, 0.8470785360079631, 0.8310093811314653, 0.8194531506291771], "macro_precision_orig": [0.9668229438906906, 0.9794467267674168, 0.9651381685818161, 0.9645565954707247, 0.9805973231465596, 0.9678359065274957, 0.9633488241901074, 0.9536387880293054, 0.9731447348443814, 0.9657107796717899], "macro_recall_orig": [0.7784740348325774, 0.7699586382183351, 0.7959867952803568, 0.7932897571059165, 0.7725056488961398, 0.753600339285748, 0.7915293880601495, 0.7871317789214911, 0.7684232943417753, 0.7542867970521177], "cls_0_precision_orig": [0.9978041383106199, 0.9977938479875309, 0.9980507269641793, 0.9978793766513638, 0.9978900413391357, 0.9976724854530341, 0.9979815587871004, 0.9979813272773151, 0.9979813851597401, 0.9977750124725461], "cls_1_precision_orig": [0.9533158813263525, 0.9726118904475618, 0.9637203166226913, 0.9685213921525161, 0.9545256744995648, 0.9520592721725866, 0.9542383961647418, 0.9501625135427952, 0.950237992211164, 0.9450194049159121], "cls_2_precision_orig": [0.9916434540389972, 0.9918256130790191, 0.9896907216494846, 0.9918256130790191, 0.9917127071823204, 0.9913793103448276, 0.9920844327176781, 0.9892183288409704, 0.9919786096256684, 0.9914772727272727], "cls_3_precision_orig": [0.9245283018867925, 0.9555555555555556, 0.9090909090909091, 0.9, 0.9782608695652174, 0.9302325581395349, 0.9090909090909091, 0.8771929824561403, 0.9523809523809523, 0.9285714285714286], "cls_0_recall_orig": [0.9987718794835008, 0.9992941176470588, 0.9990473457675754, 0.9991793400286944, 0.9988120516499283, 0.9987317073170732, 0.9987948350071736, 0.9986800573888092, 0.9987087517934002, 0.9985365853658537], "cls_1_recall_orig": [0.9566549912434326, 0.9562171628721541, 0.9595008756567426, 0.9564360770577933, 0.9603765323992994, 0.9564360770577933, 0.9586252189141856, 0.9599387040280211, 0.9614711033274956, 0.9595008756567426], "cls_2_recall_orig": [0.7432150313152401, 0.7599164926931107, 0.8016701461377871, 0.7599164926931107, 0.7494780793319415, 0.7202505219206681, 0.7849686847599165, 0.7661795407098121, 0.7745302713987474, 0.7286012526096033], "cls_3_recall_orig": [0.4152542372881356, 0.3644067796610169, 0.423728813559322, 0.4576271186440678, 0.3813559322033898, 0.3389830508474576, 0.423728813559322, 0.423728813559322, 0.3389830508474576, 0.3305084745762712], "cls_0_f1_orig": [0.9982877743647987, 0.9985434192945333, 0.9985487876928019, 0.9985289352416074, 0.9983508336177548, 0.998201815392116, 0.9983880312756351, 0.9983305700730304, 0.998344935991762, 0.9981556536529818], "cls_1_f1_orig": [0.9549825174825175, 0.9643448504249917, 0.9616059675296182, 0.9624407974446525, 0.9574421649934527, 0.9542426558916676, 0.9564267773288195, 0.955025590765545, 0.9558215451577802, 0.9522050836411037], "cls_2_f1_orig": [0.8496420047732697, 0.8605200945626478, 0.8858131487889274, 0.8605200945626478, 0.8537455410225921, 0.8343409915356711, 0.8764568764568764, 0.8635294117647059, 0.8698710433763188, 0.8399518652226233], "cls_3_f1_orig": [0.5730994152046783, 0.5276073619631901, 0.5780346820809249, 0.6067415730337079, 0.5487804878048781, 0.4968944099378882, 0.5780346820809249, 0.5714285714285714, 0.5, 0.4875]}