{"accuracy": [0.9786442313113533, 0.9784184359463431, 0.9800378322852203, 0.9784391932570741, 0.9786023987837152, 0.9784082507299591, 0.9792662878716848, 0.9792796342508334, 0.9785722341265366, 0.9793891172036756], "macro_f1": [0.8143373504374547, 0.39986833821926177, 0.5401513184367294, 0.5339392269963966, 0.5233485660786922, 0.523854726147889, 0.39947065191171527, 0.7901033954352135, 0.5443240858300901, 0.8131140737253064], "macro_precision": [0.8569761997979011, 0.43640166152568055, 0.6012993563969516, 0.5817919209554332, 0.6042876893914629, 0.5993460604267485, 0.44968435399549866, 0.9195469419787011, 0.5687783080842103, 0.8759171996081222], "macro_recall": [0.7813899671647635, 0.37593976410768537, 0.502790401559223, 0.5023672627402248, 0.4811255261902539, 0.48312947190059513, 0.3703352743406635, 0.7240361714846322, 0.5247833484570511, 0.7693025286232249], "cls_0_precision": [0.9853224935038205, 0.9833393026171046, 0.9834394089615249, 0.9834043262939108, 0.9812841208059677, 0.9814620943237239, 0.9825725982323908, 0.9814388104543545, 0.9857192526108399, 0.9845037219254077], "cls_1_precision": [0.7286299060919817, 0.7622673434856176, 0.8204586602293301, 0.7619714365723886, 0.8315789473684211, 0.8165760869565217, 0.8161648177496038, 0.8576550735030477, 0.7206156716417911, 0.7673306772908367], "cls_0_recall": [0.9926970405842368, 0.9945277075234319, 0.9961255377598093, 0.9944793315514959, 0.9968807232580263, 0.996487134616631, 0.9962242925397451, 0.9974318003920224, 0.9922098795836628, 0.994332261466495], "cls_1_recall": [0.5700828937452901, 0.5092313489073097, 0.5122456669178599, 0.5126224566691786, 0.4464958553127355, 0.4529012810851545, 0.4851168048229088, 0.4506405425772419, 0.5821401657874906, 0.5442727957799548], "cls_0_f1": [0.9889960199743704, 0.9889018597665885, 0.9897418235542151, 0.9889108221086855, 0.9890209372652503, 0.9889175473239382, 0.9893513539543171, 0.9893706787301282, 0.9889539165148638, 0.9893935833593531], "cls_1_f1": [0.639678680900539, 0.6105714931104586, 0.6307121317559731, 0.6129068588805046, 0.5810247609708262, 0.5826466311197286, 0.608531253692544, 0.5908361121402989, 0.6440183409754064, 0.6368345640912598], "accuracy_orig": [0.9971685756486358, 0.9971016916088399, 0.9971351336287378, 0.9971072652788229, 0.9970961179388569, 0.9970905442688739, 0.9971462809687038, 0.9971239862887719, 0.9970905442688739, 0.9970905442688739], "macro_f1_orig": [0.9023957927577348, 0.8984703473015324, 0.9012465441204809, 0.9029684938613489, 0.900706427570261, 0.8954485522901396, 0.9001122754454866, 0.899078335883018, 0.8985941403187904, 0.9001501864653336], "macro_precision_orig": [0.956149442581706, 0.9494424031860511, 0.9506056089162622, 0.950253314932361, 0.9511441843767184, 0.9575469427861045, 0.9524979955763611, 0.9507412071774086, 0.9512032025526777, 0.959336506819804], "macro_recall_orig": [0.8629933015819338, 0.860924621731766, 0.8643329757993221, 0.8674431419291926, 0.8630812378713102, 0.8523815928049296, 0.8618704837368997, 0.86081132064635, 0.8606733114303344, 0.8576265028118191], "cls_0_precision_orig": [0.998599656801134, 0.9986568089454229, 0.9985996166163523, 0.9986568089454229, 0.9986167312383413, 0.9985995442779331, 0.9986568706233497, 0.9985881461670464, 0.9986510688127109, 0.9985480381297813], "cls_1_precision_orig": [0.947312058256586, 0.943404255319149, 0.946455343756693, 0.9435329213722565, 0.9441007040751014, 0.9441840647635279, 0.9447878917075251, 0.946287181682003, 0.9431552054502874, 0.945668449197861], "cls_2_precision_orig": [0.9762470308788599, 0.9761904761904762, 0.9764150943396226, 0.9764705882352941, 0.9809069212410502, 0.9783132530120482, 0.976303317535545, 0.9785714285714285, 0.9741176470588235, 0.9806295399515739], "cls_3_precision_orig": [0.9024390243902439, 0.8795180722891566, 0.8809523809523809, 0.8823529411764706, 0.8809523809523809, 0.9090909090909091, 0.8902439024390244, 0.8795180722891566, 0.8888888888888888, 0.9125], "cls_0_recall_orig": [0.9985595408895266, 0.9984390243902439, 0.9985308464849354, 0.9984390243902439, 0.9984734576757532, 0.9984791965566715, 0.9984849354375896, 0.9985251076040172, 0.9984332855093256, 0.9985308464849354], "cls_1_recall_orig": [0.9682574430823118, 0.9706654991243433, 0.9673817863397548, 0.9693520140105079, 0.9686952714535902, 0.9702276707530648, 0.9702276707530648, 0.9680385288966725, 0.9697898423817863, 0.9678196147110333], "cls_2_recall_orig": [0.8580375782881002, 0.8559498956158664, 0.8643006263048016, 0.8663883089770354, 0.8580375782881002, 0.8475991649269311, 0.860125260960334, 0.8580375782881002, 0.8643006263048016, 0.8455114822546973], "cls_3_recall_orig": [0.6271186440677966, 0.6186440677966102, 0.6271186440677966, 0.635593220338983, 0.6271186440677966, 0.5932203389830508, 0.6186440677966102, 0.6186440677966102, 0.6101694915254238, 0.6186440677966102], "cls_0_f1_orig": [0.9985795984424364, 0.9985479047930621, 0.9985652303666124, 0.9985479047930621, 0.9985450893177416, 0.9985393667911122, 0.998570895629466, 0.9985566258906307, 0.9985421652863153, 0.9985394422333621], "cls_1_f1_orig": [0.9576702392551695, 0.9568407423392318, 0.9568041571938941, 0.956268221574344, 0.9562398703403565, 0.9570287194990282, 0.9573388054865536, 0.9570392814630452, 0.956287101996762, 0.9566158173753111], "cls_2_f1_orig": [0.9133333333333333, 0.9121245828698554, 0.9169435215946844, 0.918141592920354, 0.9153674832962138, 0.9082774049217002, 0.9145394006659268, 0.914349276974416, 0.915929203539823, 0.9080717488789237], "cls_3_f1_orig": [0.74, 0.7263681592039801, 0.7326732673267327, 0.7389162561576355, 0.7326732673267327, 0.717948717948718, 0.73, 0.7263681592039801, 0.7236180904522613, 0.7373737373737373], "cls_2_precision": [0.0, 0.0, 0.0, 0.0, 0.0, 0.0, 0.0], "cls_3_precision": [0.0, 0.0], "cls_2_recall": [0.0, 0.0, 0.0, 0.0, 0.0, 0.0, 0.0], "cls_3_recall": [0.0, 0.0], "cls_2_f1": [0.0, 0.0, 0.0, 0.0, 0.0, 0.0, 0.0], "cls_3_f1": [0.0, 0.0]}