{"accuracy": [0.9904008480232421, 0.9906212900672734, 0.991239024133761, 0.9910075604805602, 0.9909489761687069, 0.9906954290551264, 0.9917196735525976, 0.9905577470744874, 0.9907749929114492, 0.990163482009094], "macro_f1": [0.9136338581109248, 0.916161159136804, 0.9250827905916255, 0.9211435506139145, 0.9202613674565454, 0.91815705479615, 0.9294672798576358, 0.9172058350336579, 0.9194410189832694, 0.9125361935777223], "macro_precision": [0.988079702678474, 0.9907003286841882, 0.9706713867241921, 0.9812792743786278, 0.9842076124016383, 0.9839834042270506, 0.9771506489505108, 0.9808406613070886, 0.9790559645267911, 0.9803546981492425], "macro_recall": [0.8598760957020233, 0.8622675218869376, 0.8880174786837807, 0.8750871078792226, 0.8720241983888225, 0.8689236546734255, 0.8909522598070242, 0.8692393115173032, 0.8737386813895689, 0.862368903461747], "cls_0_precision": [0.9905186575921145, 0.9906172472301276, 0.9924199944602455, 0.9915329077316147, 0.9913080447824649, 0.9910518032075113, 0.9925566585248032, 0.9910777846329077, 0.9914111093814509, 0.9906749226840591], "cls_1_precision": [0.9856407477648333, 0.9907834101382489, 0.9489227789881385, 0.971025641025641, 0.9771071800208116, 0.9769150052465897, 0.9617446393762183, 0.9706035379812695, 0.9667008196721312, 0.9700344736144259], "cls_0_recall": [0.9996413442148145, 0.9997680400062766, 0.9985656991367005, 0.9992323160955461, 0.9994012913057972, 0.9993979736339816, 0.9989249520679266, 0.9992275828126922, 0.999113293772594, 0.9992320552376551], "cls_1_recall": [0.720110847189232, 0.7247670037675986, 0.7774692582308608, 0.750941899662899, 0.7446471054718478, 0.7384493357128693, 0.7829795675461217, 0.739251040221914, 0.7483640690065437, 0.725505751685839], "cls_0_f1": [0.9950590921797587, 0.9951716082415418, 0.9954833616258543, 0.995367722943137, 0.9953382164612455, 0.995207390224711, 0.9957306231379067, 0.9951359980394225, 0.9952473000655662, 0.9949350899808163], "cls_1_f1": [0.8322086240420908, 0.837150710032066, 0.8546822195573968, 0.846919378284692, 0.8451845184518452, 0.841106719367589, 0.8632039365773647, 0.8392756720278933, 0.8436347379009724, 0.8301372971746284], "accuracy_orig": [0.9965889139704038, 0.9967839924198089, 0.9968564501295878, 0.9968285817796728, 0.9967505503999108, 0.9969567761892818, 0.9966112086503358, 0.9966279296602848, 0.9966557980101998, 0.9968285817796728], "macro_f1_orig": [0.8704566467310052, 0.8787523926302285, 0.8815798803447074, 0.8814962402304176, 0.8724285311818755, 0.8767831133550202, 0.87715900377816, 0.8747846446493773, 0.8824775048128429, 0.8777981238761468], "macro_precision_orig": [0.9575998043741426, 0.9503465932929118, 0.9547549815694638, 0.9552613613719552, 0.9584120809451981, 0.9573614751333748, 0.9542694741643392, 0.9530157869525565, 0.9480111724460568, 0.954170779978594], "macro_recall_orig": [0.8146393926674116, 0.8289439608760307, 0.8318439634230345, 0.8309183424628487, 0.8169297011819435, 0.8229849613157605, 0.8266528743067093, 0.8231134881269377, 0.8363340428330126, 0.8266430822555081], "cls_0_precision_orig": [0.9979867965976289, 0.9981643271398496, 0.998273072553902, 0.9981129586399536, 0.9981128287492471, 0.9980732177263969, 0.9982039982556404, 0.998089698137886, 0.9982727257076947, 0.9981529707343375], "cls_1_precision_orig": [0.9458522850335715, 0.9477208900410455, 0.9466666666666667, 0.9512937595129376, 0.947538860103627, 0.9569022095821483, 0.9403080872913993, 0.9445523193096008, 0.9397435897435897, 0.9499458288190683], "cls_2_precision_orig": [0.989501312335958, 0.9870801033591732, 0.9821882951653944, 0.979746835443038, 0.9894459102902374, 0.987146529562982, 0.9771573604060914, 0.9820971867007673, 0.9822335025380711, 0.9796954314720813], "cls_3_precision_orig": [0.8970588235294118, 0.868421052631579, 0.8918918918918919, 0.8918918918918919, 0.8985507246376812, 0.8873239436619719, 0.9014084507042254, 0.8873239436619719, 0.8717948717948718, 0.8888888888888888], "cls_0_recall_orig": [0.9985538020086083, 0.9985824964131994, 0.9985480631276901, 0.9986685796269728, 0.9985997130559541, 0.9988407460545193, 0.9983529411764706, 0.9984791965566715, 0.9983472022955524, 0.9986341463414634], "cls_1_recall_orig": [0.9559982486865148, 0.9603765323992994, 0.9636602451838879, 0.9577495621716288, 0.9608143607705779, 0.9575306479859895, 0.9621278458844134, 0.9584063047285464, 0.962784588441331, 0.9597197898423818], "cls_2_recall_orig": [0.7870563674321504, 0.7974947807933194, 0.8058455114822547, 0.8079331941544885, 0.7828810020876826, 0.8016701461377871, 0.8037578288100209, 0.8016701461377871, 0.8079331941544885, 0.8058455114822547], "cls_3_recall_orig": [0.5169491525423728, 0.559322033898305, 0.559322033898305, 0.559322033898305, 0.5254237288135594, 0.5338983050847458, 0.5423728813559322, 0.5338983050847458, 0.576271186440678, 0.5423728813559322], "cls_0_f1_orig": [0.9982702187900712, 0.9983733679889149, 0.9984105489057461, 0.9983906918303944, 0.9983562115409441, 0.9984568343879254, 0.998278464160493, 0.9982844093548461, 0.9983099626125854, 0.9983935005622748], "cls_1_f1_orig": [0.9508982035928144, 0.9540067413286941, 0.955087871555652, 0.9545107450638158, 0.9541304347826087, 0.9572163256373782, 0.951092837048258, 0.9514288818863414, 0.9511245674740484, 0.9548077970162256], "cls_2_f1_orig": [0.8767441860465116, 0.8822170900692841, 0.8853211009174312, 0.88558352402746, 0.8741258741258742, 0.8847926267281107, 0.8820160366552119, 0.8827586206896552, 0.8865979381443299, 0.8843069873997709], "cls_3_f1_orig": [0.6559139784946236, 0.6804123711340206, 0.6875, 0.6875, 0.6631016042780749, 0.6666666666666666, 0.6772486772486772, 0.6666666666666666, 0.6938775510204082, 0.6736842105263158]}