{"accuracy": [0.0008025303309257423], "macro_f1": [0.003362741076285015], "macro_precision": [0.25209983201343894], "macro_recall": [0.0067583949679153295], "cls_0_precision": [1.0], "cls_1_precision": [0.008399328053755699], "cls_2_precision": [0.0], "cls_3_precision": [0.0], "cls_0_recall": [0.00033640214473530644], "cls_1_recall": [0.02669717772692601], "cls_2_recall": [0.0], "cls_3_recall": [0.0], "cls_0_f1": [0.0006725780327778845], "cls_1_f1": [0.012778386272362175], "cls_2_f1": [0.0], "cls_3_f1": [0.0], "accuracy_orig": [0.0013432544659030738], "macro_f1_orig": [0.003977512042371926], "macro_precision_orig": [0.2526899820598546], "macro_recall_orig": [0.21400935464814627], "cls_0_precision_orig": [1.0], "cls_1_precision_orig": [0.008551754775655264], "cls_2_precision_orig": [0.0015639285886145998], "cls_3_precision_orig": [0.0006442448751484479], "cls_0_recall_orig": [9.182209469153515e-05], "cls_1_recall_orig": [0.016856392294220666], "cls_2_recall_orig": [0.13569937369519833], "cls_3_recall_orig": [0.7033898305084746], "cls_0_f1_orig": [0.00018362732833713977], "cls_1_f1_orig": [0.011346890657235485], "cls_2_f1_orig": [0.0030922195000118932], "cls_3_f1_orig": [0.001287310683903188]}