{"accuracy": [0.991753723878598, 0.9917099997277504, 0.9917798850944399, 0.9917688224673886, 0.9917730333043063, 0.9917330951305416, 0.9917494327522723, 0.9917604215409029, 0.9917388765143695, 0.9917601623533084], "macro_f1": [0.8661328001889288, 0.8659334343836478, 0.8662991917674132, 0.8661879521092483, 0.866382958146863, 0.8660477086060753, 0.8663084575378387, 0.8662143318751006, 0.8660605166431676, 0.8663511382928207], "macro_precision": [0.9201472876057148, 0.9200059928811235, 0.920574385605643, 0.9204463323078524, 0.9203173424141646, 0.9199311655931617, 0.9204964058516864, 0.9203582781524182, 0.9201220619474098, 0.920397117787673], "macro_recall": [0.8247903283164356, 0.8245638336552524, 0.8247988772178456, 0.8247006974278918, 0.8250804953931452, 0.8247850547198314, 0.8248603812273689, 0.8247937691062441, 0.8246929296141527, 0.8249846378491306], "cls_0_precision": [0.9937574551317088, 0.9937239937343445, 0.9937672250766226, 0.993760495039645, 0.9937721350275325, 0.9937467933377179, 0.9937463626627547, 0.9937574336727327, 0.993745245250414, 0.9937588593919877], "cls_1_precision": [0.8465371200797209, 0.8462879920279024, 0.8473815461346633, 0.8471321695760599, 0.8468625498007968, 0.8461155378486056, 0.847246449040618, 0.8469591226321037, 0.8464988786444057, 0.8470353761833582], "cls_0_recall": [0.9978737137866879, 0.997862329887192, 0.9978908115895079, 0.997886243340632, 0.9978786739470117, 0.9978631665934795, 0.9978802716571918, 0.9978805953663049, 0.9978707077131539, 0.9978787501900143], "cls_1_recall": [0.6517069428461834, 0.6512653374233128, 0.6517069428461834, 0.6515151515151515, 0.6522823168392788, 0.6517069428461834, 0.651840490797546, 0.6517069428461834, 0.6515151515151515, 0.652090525508247], "cls_0_f1": [0.9958113307636399, 0.9957888622667538, 0.995824749536561, 0.9958190958923907, 0.9958211708982762, 0.9958007259878818, 0.9958090268971098, 0.9958147465596527, 0.9958037037100916, 0.9958145435990788], "cls_1_f1": [0.7364542696142176, 0.7360780065005417, 0.7367736339982653, 0.7365568083261058, 0.7369447453954496, 0.7362946912242687, 0.7368078881785676, 0.7366139171905485, 0.7363173295762436, 0.7368877329865626], "accuracy_orig": [0.9770253323300727, 0.9770253323300727, 0.9770253323300727, 0.9770253323300727, 0.9770253323300727, 0.9770253323300727, 0.9770253323300727, 0.9770253323300727, 0.9770253323300727, 0.9770253323300727], "macro_f1_orig": [0.34239021707610173, 0.34239021707610173, 0.34239021707610173, 0.34239021707610173, 0.34239021707610173, 0.34239021707610173, 0.34239021707610173, 0.34239021707610173, 0.34239021707610173, 0.34239021707610173], "macro_precision_orig": [0.4847585569436721, 0.4847585569436721, 0.4847585569436721, 0.4847585569436721, 0.4847585569436721, 0.4847585569436721, 0.4847585569436721, 0.4847585569436721, 0.4847585569436721, 0.4847585569436721], "macro_recall_orig": [0.3093735084311799, 0.3093735084311799, 0.3093735084311799, 0.3093735084311799, 0.3093735084311799, 0.3093735084311799, 0.3093735084311799, 0.3093735084311799, 0.3093735084311799, 0.3093735084311799], "cls_0_precision_orig": [0.9771210302547592, 0.9771210302547592, 0.9771210302547592, 0.9771210302547592, 0.9771210302547592, 0.9771210302547592, 0.9771210302547592, 0.9771210302547592, 0.9771210302547592, 0.9771210302547592], "cls_1_precision_orig": [0.9619131975199291, 0.9619131975199291, 0.9619131975199291, 0.9619131975199291, 0.9619131975199291, 0.9619131975199291, 0.9619131975199291, 0.9619131975199291, 0.9619131975199291, 0.9619131975199291], "cls_2_precision_orig": [0.0, 0.0, 0.0, 0.0, 0.0, 0.0, 0.0, 0.0, 0.0, 0.0], "cls_3_precision_orig": [0.0, 0.0, 0.0, 0.0, 0.0, 0.0, 0.0, 0.0, 0.0, 0.0], "cls_0_recall_orig": [0.9997532281205165, 0.9997532281205165, 0.9997532281205165, 0.9997532281205165, 0.9997532281205165, 0.9997532281205165, 0.9997532281205165, 0.9997532281205165, 0.9997532281205165, 0.9997532281205165], "cls_1_recall_orig": [0.23774080560420316, 0.23774080560420316, 0.23774080560420316, 0.23774080560420316, 0.23774080560420316, 0.23774080560420316, 0.23774080560420316, 0.23774080560420316, 0.23774080560420316, 0.23774080560420316], "cls_2_recall_orig": [0.0, 0.0, 0.0, 0.0, 0.0, 0.0, 0.0, 0.0, 0.0, 0.0], "cls_3_recall_orig": [0.0, 0.0, 0.0, 0.0, 0.0, 0.0, 0.0, 0.0, 0.0, 0.0], "cls_0_f1_orig": [0.9883075770985091, 0.9883075770985091, 0.9883075770985091, 0.9883075770985091, 0.9883075770985091, 0.9883075770985091, 0.9883075770985091, 0.9883075770985091, 0.9883075770985091, 0.9883075770985091], "cls_1_f1_orig": [0.38125329120589785, 0.38125329120589785, 0.38125329120589785, 0.38125329120589785, 0.38125329120589785, 0.38125329120589785, 0.38125329120589785, 0.38125329120589785, 0.38125329120589785, 0.38125329120589785], "cls_2_f1_orig": [0.0, 0.0, 0.0, 0.0, 0.0, 0.0, 0.0, 0.0, 0.0, 0.0], "cls_3_f1_orig": [0.0, 0.0, 0.0, 0.0, 0.0, 0.0, 0.0, 0.0, 0.0, 0.0]}