{"accuracy": [0.9960108703782193, 0.9964476212325428, 0.9955853440571939, 0.9964124696130822, 0.9953839787677292, 0.9959098816544797, 0.9962678336357491, 0.9956799971319483, 0.9965647714826247, 0.9957449549623703], "macro_f1": [0.943866230473943, 0.9513084160968471, 0.9366472440161615, 0.9501907665540039, 0.9334188791717248, 0.9416458515899103, 0.9478838878053011, 0.9390986471660341, 0.9526022132403379, 0.9393417913805127], "macro_precision": [0.9331639001093199, 0.9320893391241953, 0.9359139735421043, 0.934410750902731, 0.9339358575363583, 0.9377319562761792, 0.933101917462779, 0.9319904519524667, 0.9329191109763317, 0.9363801030108412], "macro_recall": [0.9551340292033114, 0.9723982179716066, 0.9373830851894731, 0.9672129753123034, 0.9329031803917339, 0.9456332597101444, 0.9637563272765388, 0.9464547275224906, 0.9742451672896844, 0.9423456114833926], "cls_0_precision": [0.9984322549037398, 0.9990495269568778, 0.9977836814906471, 0.9988646618730168, 0.9976288000929597, 0.998082960171406, 0.9987453130552715, 0.9981081979307045, 0.9991224634843276, 0.9979592506076695], "cls_1_precision": [0.8678955453149002, 0.8651291512915129, 0.8740442655935614, 0.8699568399324451, 0.870242914979757, 0.8773809523809524, 0.8674585218702866, 0.8658727059742288, 0.8667157584683358, 0.8748009554140127], "cls_0_recall": [0.9975055382127617, 0.9973323017746945, 0.9977219547520534, 0.9974817307377839, 0.9976722735459881, 0.9977526782402525, 0.9974540331663787, 0.997492536006015, 0.9973792234682575, 0.9977083773562908], "cls_1_recall": [0.9127625201938611, 0.9474641341685189, 0.8770442156268928, 0.936944219886823, 0.8681340872374798, 0.8935138411800364, 0.930058621386699, 0.8954169190389663, 0.9511111111111111, 0.8869828456104945], "cls_0_f1": [0.997968681420327, 0.9981901758141013, 0.9977528171666573, 0.9981727173057308, 0.9976505363458759, 0.9979177918773879, 0.998099255466226, 0.9978002719995619, 0.998250082423654, 0.9978337982134756], "cls_1_f1": [0.889763779527559, 0.904426656379593, 0.8755416708656656, 0.902208815802277, 0.8691872219975738, 0.8853739113024327, 0.8976685201443761, 0.8803970223325062, 0.9069543440570218, 0.8808497845475498], "accuracy_orig": [0.9756486358442716, 0.9754981467547307, 0.9757879775938467, 0.9753866733550707, 0.9758269932837277, 0.9751971685756486, 0.9754814257447817, 0.9757378145639997, 0.9755984728144247, 0.9756765041941866], "macro_f1_orig": [0.33748695560367614, 0.3380324588226832, 0.3370358148391367, 0.33766113544286197, 0.3389832916729987, 0.3331081388624944, 0.3379845897646495, 0.33828152921632904, 0.3378405175890423, 0.33859915021915366], "macro_precision_orig": [0.4429206174600622, 0.43740225695244334, 0.448725591443004, 0.4347926752512603, 0.4458319647819615, 0.4371404004671191, 0.43699241768797337, 0.4441949403457741, 0.44081078817834607, 0.4417809929104414], "macro_recall_orig": [0.3082730189679562, 0.30919357039300277, 0.3074561857548111, 0.30911158216223145, 0.30927821888654655, 0.3051190585370879, 0.30918926623231413, 0.3088289127534316, 0.3087397509215125, 0.3092927752665288], "cls_0_precision_orig": [0.9770197567194187, 0.9771072560167188, 0.9769318003188789, 0.9770993224186172, 0.9771148413763668, 0.976698483997754, 0.9771068701861225, 0.9770754007031259, 0.977061334531566, 0.9771167305121493], "cls_1_precision_orig": [0.7946627131208303, 0.7725017717930546, 0.8179705654531371, 0.762071378586424, 0.8062130177514792, 0.7718631178707225, 0.7708628005657708, 0.7997043606799704, 0.7861818181818182, 0.7900072411296162], "cls_2_precision_orig": [0.0, 0.0, 0.0, 0.0, 0.0, 0.0, 0.0, 0.0, 0.0, 0.0], "cls_3_precision_orig": [0.0, 0.0, 0.0, 0.0, 0.0, 0.0, 0.0, 0.0, 0.0, 0.0], "cls_0_recall_orig": [0.998416068866571, 0.998157819225251, 0.9986513629842181, 0.9980487804878049, 0.9984964131994261, 0.9982783357245337, 0.9981406025824964, 0.9984505021520803, 0.9983127690100431, 0.9983357245337159], "cls_1_recall_orig": [0.23467600700525393, 0.23861646234676007, 0.23117338003502627, 0.23839754816112085, 0.23861646234676007, 0.22219789842381787, 0.23861646234676007, 0.23686514886164622, 0.236646234676007, 0.2388353765323993], "cls_2_recall_orig": [0.0, 0.0, 0.0, 0.0, 0.0, 0.0, 0.0, 0.0, 0.0, 0.0], "cls_3_recall_orig": [0.0, 0.0, 0.0, 0.0, 0.0, 0.0, 0.0, 0.0, 0.0, 0.0], "cls_0_f1_orig": [0.9876020390785545, 0.9875203688247685, 0.9876721892080573, 0.9874629509760502, 0.9876899234487515, 0.9873705122747268, 0.9875117458857462, 0.9876473126092782, 0.9875727383689574, 0.9876122673751859], "cls_1_f1_orig": [0.3623457833361501, 0.3646094664659642, 0.3604710701484895, 0.3631815907953977, 0.36824324324324326, 0.34506204317525074, 0.3644266131728519, 0.36547880425603785, 0.36378933198721186, 0.3667843335014288], "cls_2_f1_orig": [0.0, 0.0, 0.0, 0.0, 0.0, 0.0, 0.0, 0.0, 0.0, 0.0], "cls_3_f1_orig": [0.0, 0.0, 0.0, 0.0, 0.0, 0.0, 0.0, 0.0, 0.0, 0.0]}