{"accuracy": [0.7125748848591184], "macro_f1": [0.22258456190514278], "macro_precision": [0.2486101127554655], "macro_recall": [0.21698563307758714], "cls_0_precision": [0.9586009937013419], "cls_1_precision": [0.03583945732052007], "cls_2_precision": [0.0], "cls_3_precision": [0.0], "cls_0_recall": [0.7383608454320273], "cls_1_recall": [0.1295816868783213], "cls_2_recall": [0.0], "cls_3_recall": [0.0], "cls_0_f1": [0.8341889886018548], "cls_1_f1": [0.05614925901871642], "cls_2_f1": [0.0], "cls_3_f1": [0.0], "accuracy_orig": [0.7202575035532146], "macro_f1_orig": [0.21772614106937285], "macro_precision_orig": [0.24730339008263233], "macro_recall_orig": [0.23967406295274185], "cls_0_precision_orig": [0.9692814537905513], "cls_1_precision_orig": [0.019340287566957992], "cls_2_precision_orig": [0.0], "cls_3_precision_orig": [0.0005918189730200175], "cls_0_recall_orig": [0.7395408895265423], "cls_1_recall_orig": [0.07508756567425569], "cls_2_recall_orig": [0.0], "cls_3_recall_orig": [0.1440677966101695], "cls_0_f1_orig": [0.8389675747642408], "cls_1_f1_orig": [0.030758193964937453], "cls_2_f1_orig": [0.0], "cls_3_f1_orig": [0.0011787955483132822]}