{"accuracy": [0.9662188584801795, 0.9651137516301985, 0.9660950330765417, 0.9663259494619466, 0.9656734235990714, 0.9648902331230796, 0.9662379227779716, 0.9657521878874697, 0.9644080837711442, 0.9658228834955532], "macro_f1": [0.7016590645382773, 0.6645983483305875, 0.6859893123253545, 0.6935420689222602, 0.6946858682652057, 0.6565261516278997, 0.6871780802258727, 0.690129220341032, 0.6672631493523656, 0.7039168610548412], "macro_precision": [0.8701329341820049, 0.9089033824101462, 0.9022380548805095, 0.8839980847594991, 0.8614848244905056, 0.9107740211237814, 0.8979203623177808, 0.8753995354049661, 0.8663067765329728, 0.8516530946913677], "macro_recall": [0.6427473277979675, 0.6081530030304421, 0.6257783571862724, 0.6338450920703269, 0.6373820964496626, 0.6018618316290768, 0.6271023416436472, 0.6317464230560565, 0.6130640332294708, 0.6474141210242065], "cls_0_precision": [0.9693773995549361, 0.9663655231351483, 0.9677891654465594, 0.9687505701895767, 0.9690349080980937, 0.9660122222357215, 0.968080761282378, 0.96844368171297, 0.9669589041095891, 0.9699033391915641], "cls_1_precision": [0.7708884688090737, 0.8514412416851441, 0.8366869443144596, 0.7992455993294216, 0.7539347408829175, 0.8555358200118414, 0.8277599633531837, 0.7823553890969621, 0.7656546489563567, 0.7334028501911714], "cls_0_recall": [0.9961927259705093, 0.998309979946777, 0.9977957152240917, 0.9970017526289434, 0.9959849168169974, 0.9984679814399718, 0.9976378793685097, 0.9967126559602754, 0.9968992637320562, 0.9951974553400915], "cls_1_recall": [0.28930192962542567, 0.2179960261141073, 0.253760999148453, 0.27068843151171046, 0.2787792760823279, 0.20525568181818182, 0.2565668039187846, 0.2667801901518377, 0.2292288027268854, 0.2996307867083215], "cls_0_f1": [0.9826021484719946, 0.9820780525933783, 0.9825634008676317, 0.9826731527952149, 0.9823251044060592, 0.981971996233231, 0.9826371056067422, 0.9823748427984661, 0.981700853300862, 0.9823876085901743], "cls_1_f1": [0.42071598060456, 0.34711864406779663, 0.3894152237830774, 0.4044109850493055, 0.4070466321243523, 0.33108030702256847, 0.39171905484500325, 0.3978835978835979, 0.3528254454038693, 0.425446113519508], "accuracy_orig": [0.9491904244349693, 0.9679848396176463, 0.9649862051667921, 0.9575007663796227, 0.9593233564640637, 0.9659114343839701, 0.9623219909149179, 0.963353119861773, 0.9471170192012931, 0.9628236212133879], "macro_f1_orig": [0.24690080798453273, 0.24651904414237472, 0.2483366477532753, 0.24835472084477248, 0.2487017214754848, 0.24914846719260297, 0.24617034592903006, 0.25033152973840717, 0.24565981353737612, 0.24762949747045707], "macro_precision_orig": [0.24635202831238792, 0.24530263684747186, 0.24939871535850494, 0.24802982156190795, 0.24870084631745826, 0.2522523467768775, 0.2446077766062391, 0.2527605915792828, 0.24518068389211123, 0.2474174290856217], "macro_recall_orig": [0.24747575611766212, 0.249489059944169, 0.25010281994135486, 0.24934845484902773, 0.24976431453791206, 0.2507140402827228, 0.24835114714802242, 0.25122796787332247, 0.2461426327995638, 0.24938626701374667], "cls_0_precision_orig": [0.9709579540528825, 0.9711938528990695, 0.9714296938134147, 0.9711157856642012, 0.9711637777765235, 0.9712917855601213, 0.9710282686704839, 0.9713288246504647, 0.9707544528316981, 0.9711275168539958], "cls_1_precision_orig": [0.014450159196669116, 0.01001669449081803, 0.02616516762060507, 0.021003500583430573, 0.023639607493309546, 0.037717601547388784, 0.007402837754472548, 0.039713541666666664, 0.009968282736746714, 0.01854219948849105], "cls_2_precision_orig": [0.0, 0.0, 0.0, 0.0, 0.0, 0.0, 0.0, 0.0, 0.0, 0.0], "cls_3_precision_orig": [0.0, 0.0, 0.0, 0.0, 0.0, 0.0, 0.0, 0.0, 0.0, 0.0], "cls_0_recall_orig": [0.976987087517934, 0.9966427546628407, 0.9934060258249642, 0.9855724533715925, 0.987454806312769, 0.9943185078909612, 0.9907776183644189, 0.991558106169297, 0.9749383070301291, 0.991196556671449], "cls_1_recall_orig": [0.012915936952714535, 0.0013134851138353765, 0.0070052539404553416, 0.011821366024518389, 0.011602451838879159, 0.008537653239929947, 0.002626970227670753, 0.013353765323992994, 0.009632224168126095, 0.006348511383537653], "cls_2_recall_orig": [0.0, 0.0, 0.0, 0.0, 0.0, 0.0, 0.0, 0.0, 0.0, 0.0], "cls_3_recall_orig": [0.0, 0.0, 0.0, 0.0, 0.0, 0.0, 0.0, 0.0, 0.0, 0.0], "cls_0_f1_orig": [0.9739631903244447, 0.9837537457585834, 0.982294959170587, 0.9782907141677157, 0.9792415408211756, 0.9826702700556672, 0.9808035359216462, 0.9813392251135238, 0.9728418816266811, 0.9810594119300996], "cls_1_f1_orig": [0.01364004161368628, 0.002322430810915425, 0.011051631842514247, 0.015128169211374142, 0.015565345080763583, 0.013923598714744734, 0.003877847794474067, 0.01998689384010485, 0.009797372522823424, 0.009458577951728636], "cls_2_f1_orig": [0.0, 0.0, 0.0, 0.0, 0.0, 0.0, 0.0, 0.0, 0.0, 0.0], "cls_3_f1_orig": [0.0, 0.0, 0.0, 0.0, 0.0, 0.0, 0.0, 0.0, 0.0, 0.0]}