{"accuracy": [0.9536259541984733, 0.957502288873179, 0.9649951711494977, 0.9575297651905611, 0.9576195502151498, 0.9577830611619202, 0.9647672775293654, 0.9578902865614938, 0.9576249565116549, 0.9576240723562152], "macro_f1": [0.5833507456070807, 0.5272866153454412, 0.6456486967680292, 0.4891520845392345, 0.48931224903980475, 0.4912641649447474, 0.6416473299700967, 0.4945505136038386, 0.48931365978058283, 0.48931341036342724], "macro_precision": [0.6629930177354872, 0.7197220565658838, 0.9485938396160509, 0.47876488259528055, 0.9788096522208111, 0.8736376231292724, 0.9517326938829227, 0.9664431610167528, 0.978812355400414, 0.9788119133343769], "macro_recall": [0.5595842879855871, 0.519735524122903, 0.5923950439850769, 0.5, 0.5000684088110549, 0.5010140519532112, 0.5894922946642591, 0.5026649199070001, 0.5000684088110549, 0.5000683994528043], "cls_0_precision": [0.9626296074494194, 0.9592539388053017, 0.9652757122444814, 0.9575297651905611, 0.9576193044416221, 0.9578015620480185, 0.9649818398402373, 0.9578863220335055, 0.957624710800828, 0.9576238266687539], "cls_1_precision": [0.36335642802155504, 0.48019017432646594, 0.9319119669876204, 0.0, 1.0, 0.7894736842105263, 0.9384835479256081, 0.975, 1.0, 1.0], "cls_0_recall": [0.9900127406995912, 0.9980153087465585, 0.9994022100114728, 1.0, 1.0, 0.9999758395747765, 0.9994798691205554, 0.9999939525517209, 1.0, 1.0], "cls_1_recall": [0.12915583527158297, 0.0414557394992475, 0.18538787795868109, 0.0, 0.00013681762210972773, 0.002052264331645916, 0.1795047202079628, 0.0053358872622793815, 0.00013681762210972773, 0.00013679890560875513], "cls_0_f1": [0.9761291686139796, 0.9782508125548622, 0.9820425721278647, 0.978304169078469, 0.978350900268392, 0.9784344434266127, 0.9819279435051411, 0.9784873382704069, 0.9783537217499482, 0.9783532603383988], "cls_1_f1": [0.1905723226001817, 0.07632241813602016, 0.30925482140819355, 0.0, 0.00027359781121751026, 0.004093886462882096, 0.30136671643505225, 0.010613688937270377, 0.00027359781121751026, 0.0002735603884557516], "accuracy_orig": [0.9718195245659504, 0.9698464453919683, 0.9709500320486024, 0.9712119945378034, 0.9712119945378034, 0.9712119945378034, 0.9709779003985174, 0.9712064208678204, 0.9711896998578714, 0.9712119945378034], "macro_f1_orig": [0.2907818638120353, 0.24669134977302357, 0.24642350741129115, 0.24634894603650348, 0.24634894603650348, 0.24634894603650348, 0.24642721177618798, 0.24634822882736157, 0.24634607717560036, 0.24634894603650348], "macro_precision_orig": [0.38441509008275876, 0.24770169286736798, 0.24790446714015602, 0.24280299863445085, 0.24280299863445085, 0.24280299863445085, 0.2484844451393531, 0.24280295852051678, 0.24280283817603157, 0.24280299863445085], "macro_recall_orig": [0.2757907148977228, 0.2499149626746602, 0.24998586197539116, 0.25, 0.25, 0.25, 0.24999303557653893, 0.24999856527977043, 0.24999426111908177, 0.25], "cls_0_precision_orig": [0.97376821496175, 0.971198928332217, 0.9712097052953179, 0.9712119945378034, 0.9712119945378034, 0.9712119945378034, 0.9712105078301397, 0.9712118340820671, 0.9712113527041263, 0.9712119945378034], "cls_1_precision_orig": [0.5638921453692849, 0.0196078431372549, 0.02040816326530612, 0.0, 0.0, 0.0, 0.022727272727272728, 0.0, 0.0, 0.0], "cls_2_precision_orig": [0.0, 0.0, 0.0, 0.0, 0.0, 0.0, 0.0, 0.0, 0.0, 0.0], "cls_3_precision_orig": [0.0, 0.0, 0.0, 0.0, 0.0, 0.0, 0.0, 0.0, 0.0, 0.0], "cls_0_recall_orig": [0.9978651362984218, 0.9985652797704447, 0.9997245337159254, 1.0, 1.0, 1.0, 0.9997532281205165, 0.9999942611190817, 0.9999770444763271, 1.0], "cls_1_recall_orig": [0.10529772329246935, 0.0010945709281961471, 0.00021891418563922942, 0.0, 0.0, 0.0, 0.00021891418563922942, 0.0, 0.0, 0.0], "cls_2_recall_orig": [0.0, 0.0, 0.0, 0.0, 0.0, 0.0, 0.0, 0.0, 0.0, 0.0], "cls_3_recall_orig": [0.0, 0.0, 0.0, 0.0, 0.0, 0.0, 0.0, 0.0, 0.0, 0.0], "cls_0_f1_orig": [0.9856694216749997, 0.9846920007922809, 0.9852608479254332, 0.9853957841460139, 0.9853957841460139, 0.9853957841460139, 0.9852751957604328, 0.9853929153094463, 0.9853843087024015, 0.9853957841460139], "cls_1_f1_orig": [0.1774580335731415, 0.0020733982998133943, 0.00043318171973142733, 0.0, 0.0, 0.0, 0.0004336513443191674, 0.0, 0.0, 0.0], "cls_2_f1_orig": [0.0, 0.0, 0.0, 0.0, 0.0, 0.0, 0.0, 0.0, 0.0, 0.0], "cls_3_f1_orig": [0.0, 0.0, 0.0, 0.0, 0.0, 0.0, 0.0, 0.0, 0.0, 0.0]}