{"accuracy": 0.9993344683055178, "macro_f1": 0.9542407374652718, "macro_precision": 0.9722913518115172, "macro_recall": 0.9384969992912406, "cls_0_precision": 0.999643648395121, "cls_1_precision": 0.9909000119841809, "cls_2_precision": 0.9711555959963604, "cls_3_precision": 0.9274661508704062, "cls_0_recall": 0.9997177567749607, "cls_1_recall": 0.991494124230554, "cls_2_recall": 0.961271728361704, "cls_3_recall": 0.8015043877977435, "cls_0_f1": 0.9996807012115894, "cls_1_f1": 0.9911969790813371, "cls_2_f1": 0.9661883854614584, "cls_3_f1": 0.8598968841067025}
