{"accuracy": 0.9994472770200704, "macro_f1": 0.962161556981471, "macro_precision": 0.9732649673272886, "macro_recall": 0.9521625244934341, "cls_0_precision": 0.9997194002271755, "cls_1_precision": 0.9928299081556797, "cls_2_precision": 0.9669925553861333, "cls_3_precision": 0.9335180055401662, "cls_0_recall": 0.9997537009193941, "cls_1_recall": 0.9929330881765129, "cls_2_recall": 0.970998829145276, "cls_3_recall": 0.8449644797325533, "cls_0_f1": 0.9997365502790729, "cls_1_f1": 0.9928814954854852, "cls_2_f1": 0.9689915513212296, "cls_3_f1": 0.8870366308400965}
