{"accuracy": 0.9995090437634259, "macro_f1": 0.9645462004620522, "macro_precision": 0.9720753077810034, "macro_recall": 0.9574420094733043, "cls_0_precision": 0.9997396244424644, "cls_1_precision": 0.9942308923313277, "cls_2_precision": 0.9729973810168879, "cls_3_precision": 0.9213333333333333, "cls_0_recall": 0.999798222643749, "cls_1_recall": 0.9933248061395795, "cls_2_recall": 0.9703683689093038, "cls_3_recall": 0.866276640200585, "cls_0_f1": 0.999768922684471, "cls_1_f1": 0.9937776427023266, "cls_2_f1": 0.9716810966810967, "cls_3_f1": 0.8929571397803144}
