{"accuracy": [0.9720270111106749, 0.9723321461548609, 0.9721265576528735, 0.9743561111147604, 0.9725180395587626, 0.9739313300179875, 0.9752715430795401, 0.9744682538109303, 0.974863669033913, 0.9721002970010776], "macro_f1": [0.6952608384241847, 0.695189630783271, 0.7262156885073475, 0.7521285006542638, 0.7108893908404664, 0.7303769594468611, 0.795233315340057, 0.7717664988508643, 0.7920762367604854, 0.6847358083770541], "macro_precision": [0.8292163671064565, 0.8438033146791452, 0.8081167830486431, 0.8335659872113129, 0.8302006855672277, 0.8512323474303056, 0.8170700312189003, 0.8217333977265564, 0.8121102254332047, 0.8453120257862841], "macro_recall": [0.6416127445302542, 0.6393167006645892, 0.6804681946882406, 0.7042747906470077, 0.6574475578355226, 0.6738724820863873, 0.7764347313682147, 0.7360925019825872, 0.7746550242905894, 0.6293114298646618], "cls_0_precision": [0.9761239589900129, 0.9758184175700785, 0.9786519790138098, 0.9802268218135021, 0.9770821501353022, 0.9780456161814429, 0.9849972052949436, 0.9822512053740723, 0.9849355447790592, 0.9752560862046029], "cls_1_precision": [0.6823087752229, 0.7117882117882118, 0.6375815870834765, 0.6869051526091238, 0.6833192209991532, 0.7244190786791683, 0.6491428571428571, 0.6612155900790406, 0.6392849060873501, 0.7153679653679653], "cls_0_recall": [0.995418679876027, 0.9960635024594582, 0.9928284956835022, 0.993518845620805, 0.9949109760992768, 0.9953753429155864, 0.9894891810462887, 0.9915034109396147, 0.9891276174885751, 0.9964253190708547], "cls_1_recall": [0.28780680918448137, 0.2825698988697204, 0.36810789369297897, 0.4150307356732104, 0.3199841395717684, 0.3523696212571882, 0.5633802816901409, 0.48068159302555974, 0.5601824310926036, 0.26219754065846884], "cls_0_f1": [0.9856769044691408, 0.985837033035669, 0.9856892671190581, 0.9868280767102582, 0.9859159677462852, 0.9866343884775002, 0.9872380835263334, 0.9868556227590946, 0.9870271300417909, 0.9857270594246452], "cls_1_f1": [0.4048447723792287, 0.40454222853087296, 0.46674210989563686, 0.5174289245982695, 0.4358628139346476, 0.474119530416222, 0.6032285471537808, 0.5566773749426343, 0.5971253434791799, 0.383744557329463], "accuracy_orig": [0.9669871526906891, 0.9661789705431542, 0.9672825571997882, 0.9654711144553131, 0.9670930524203661, 0.9666025694618622, 0.96462949028788, 0.9647019479976591, 0.964395396148594, 0.9679513975977483], "macro_f1_orig": [0.2473903536442234, 0.24751371522601037, 0.2480041138917089, 0.2482584310596581, 0.24768790059593088, 0.2470462630841194, 0.24722638793949542, 0.2471545299914773, 0.24820110216329178, 0.2471834534390139], "macro_precision_orig": [0.24815024422268236, 0.2480952140705497, 0.25045256553077877, 0.24968179941530322, 0.24921121926747924, 0.24687147169043705, 0.24687475898596975, 0.24671390212832287, 0.24900499844049165, 0.24811573066812254], "macro_recall_orig": [0.24981847711106142, 0.24977032415631667, 0.25021428024030934, 0.25012105294896564, 0.2500056182739637, 0.24955959993668136, 0.2493714719325003, 0.24933682946930427, 0.24995073959702202, 0.24985350840605347], "cls_0_precision_orig": [0.9711903975456413, 0.9711719485409476, 0.9712251557401365, 0.9712042618813963, 0.9712038514288913, 0.9711688704447319, 0.971132423832586, 0.9711401411849209, 0.9711945476797323, 0.9711863269278093], "cls_1_precision_orig": [0.021410579345088162, 0.021208907741251327, 0.030585106382978722, 0.027522935779816515, 0.02564102564102564, 0.016317016317016316, 0.016366612111292964, 0.015715467328370553, 0.02482544608223429, 0.02127659574468085], "cls_2_precision_orig": [0.0, 0.0, 0.0, 0.0, 0.0, 0.0, 0.0, 0.0, 0.0, 0.0], "cls_3_precision_orig": [0.0, 0.0, 0.0, 0.0, 0.0, 0.0, 0.0, 0.0, 0.0, 0.0], "cls_0_recall_orig": [0.9955523672883788, 0.9947030129124821, 0.9958220946915352, 0.9939167862266858, 0.9956441893830703, 0.9951736011477762, 0.9931076040172166, 0.9931879483500717, 0.9927977044476327, 0.9965681492109039], "cls_1_recall_orig": [0.0037215411558669, 0.0043782837127845885, 0.005035026269702277, 0.006567425569176883, 0.0043782837127845885, 0.003064798598949212, 0.0043782837127845885, 0.004159369527145359, 0.0070052539404553416, 0.0028458844133099825], "cls_2_recall_orig": [0.0, 0.0, 0.0, 0.0, 0.0, 0.0, 0.0, 0.0, 0.0, 0.0], "cls_3_recall_orig": [0.0, 0.0, 0.0, 0.0, 0.0, 0.0, 0.0, 0.0, 0.0, 0.0], "cls_0_f1_orig": [0.983220497008822, 0.9827966500530163, 0.9833698390254823, 0.9824292703680068, 0.9832721708205223, 0.9830247132284791, 0.9819970888909696, 0.9820403114147581, 0.9818773128703431, 0.9837135395718501], "cls_1_f1_orig": [0.006340917568071615, 0.007258210851025223, 0.008646616541353383, 0.010604453870625663, 0.0074794315632011965, 0.005160339107998526, 0.0069084628670120895, 0.006577808551151116, 0.010927095782823972, 0.005020274184205445], "cls_2_f1_orig": [0.0, 0.0, 0.0, 0.0, 0.0, 0.0, 0.0, 0.0, 0.0, 0.0], "cls_3_f1_orig": [0.0, 0.0, 0.0, 0.0, 0.0, 0.0, 0.0, 0.0, 0.0, 0.0]}