{"accuracy": [0.9746098766514857, 0.9746537006347519, 0.9746699070478291, 0.9746325005017058, 0.9717576690379213, 0.9746550708655497, 0.9747282489795663, 0.9746577355823655, 0.9746124832399784, 0.9746601862798451], "macro_f1": [0.8174576365475629, 0.817591396135017, 0.8177878209711618, 0.8179322769243378, 0.7376525272186475, 0.8179079343494533, 0.818014284641827, 0.8158975484780785, 0.8174559205777153, 0.8175578789632356], "macro_precision": [0.7953952592020208, 0.7953522054675746, 0.7958061074569044, 0.7956719704447105, 0.7960248830706822, 0.7956898575825435, 0.795786299352228, 0.796148642416443, 0.7954560407747728, 0.7954869969203129], "macro_recall": [0.8435193586224452, 0.8438975392953395, 0.8437316260556724, 0.8442639311452392, 0.6996831434546066, 0.844180368855896, 0.8442976675137543, 0.8388061230397899, 0.8434304458543764, 0.8436291492259087], "cls_0_precision": [0.9897275453004823, 0.9897714850866691, 0.9897424534695792, 0.9897676179040583, 0.9799028734859973, 0.989770704706519, 0.9898026872000312, 0.9894139296559528, 0.9897196870925684, 0.9897499642062242], "cls_1_precision": [0.6010629731035594, 0.60093292584848, 0.6018697614442295, 0.6015763229853627, 0.6121468926553673, 0.601609010458568, 0.6017699115044248, 0.6028833551769331, 0.6011923944569771, 0.6012240296344017], "cls_0_recall": [0.9839490412840767, 0.9839518231272276, 0.9839967863992122, 0.9839310273243895, 0.9911145913553322, 0.9839522976213624, 0.9839985000614199, 0.9843191036530538, 0.9839596106235985, 0.9839802276153443], "cls_1_recall": [0.7030896759608138, 0.7038432554634514, 0.7034664657121327, 0.7045968349660889, 0.4082516955538809, 0.7044084400904296, 0.7045968349660889, 0.693293142426526, 0.7029012810851545, 0.7032780708364732], "cls_0_f1": [0.9868298341787413, 0.9868530742656957, 0.9868612569527473, 0.986840692677309, 0.9854768446723764, 0.986852925021045, 0.9868920596941373, 0.9868599409799915, 0.986831243621993, 0.9868566626759718], "cls_1_f1": [0.6480854389163845, 0.6483297180043384, 0.6487143849895761, 0.6490238611713666, 0.48982820976491864, 0.6489629436778617, 0.6491365095895166, 0.6449351559761655, 0.6480805975334376, 0.6482590952504993], "accuracy_orig": [0.963899339520107, 0.963899339520107, 0.963899339520107, 0.963899339520107, 0.9659393027338852, 0.963899339520107, 0.963899339520107, 0.96396064988992, 0.963899339520107, 0.963899339520107], "macro_f1_orig": [0.24692529514308123, 0.24692529514308123, 0.24692529514308123, 0.24692529514308123, 0.24666187534950543, 0.24692529514308123, 0.24692529514308123, 0.24693607777842141, 0.24692529514308123, 0.24692529514308123], "macro_precision_orig": [0.24611206632638308, 0.24611206632638308, 0.24611206632638308, 0.24611206632638308, 0.24562027775499423, 0.24611206632638308, 0.24611206632638308, 0.24613997796617373, 0.24611206632638308, 0.24611206632638308], "macro_recall_orig": [0.24907693593006805, 0.24907693593006805, 0.24907693593006805, 0.24907693593006805, 0.24922898675082353, 0.24907693593006805, 0.24907693593006805, 0.24909271785259318, 0.24907693593006805, 0.24907693593006805], "cls_0_precision_orig": [0.9710951495785294, 0.9710951495785294, 0.9710951495785294, 0.9710951495785294, 0.9711174746563406, 0.9710951495785294, 0.9710951495785294, 0.9710969350509328, 0.9710951495785294, 0.9710951495785294], "cls_1_precision_orig": [0.013353115727002967, 0.013353115727002967, 0.013353115727002967, 0.013353115727002967, 0.011363636363636364, 0.013353115727002967, 0.013353115727002967, 0.013462976813762155, 0.013353115727002967, 0.013353115727002967], "cls_2_precision_orig": [0.0, 0.0, 0.0, 0.0, 0.0, 0.0, 0.0, 0.0, 0.0, 0.0], "cls_3_precision_orig": [0.0, 0.0, 0.0, 0.0, 0.0, 0.0, 0.0, 0.0, 0.0, 0.0], "cls_0_recall_orig": [0.9923672883787661, 0.9923672883787661, 0.9923672883787661, 0.9923672883787661, 0.9945078909612626, 0.9923672883787661, 0.9923672883787661, 0.9924304160688666, 0.9923672883787661, 0.9923672883787661], "cls_1_recall_orig": [0.00394045534150613, 0.00394045534150613, 0.00394045534150613, 0.00394045534150613, 0.0024080560420315237, 0.00394045534150613, 0.00394045534150613, 0.00394045534150613, 0.00394045534150613, 0.00394045534150613], "cls_2_recall_orig": [0.0, 0.0, 0.0, 0.0, 0.0, 0.0, 0.0, 0.0, 0.0, 0.0], "cls_3_recall_orig": [0.0, 0.0, 0.0, 0.0, 0.0, 0.0, 0.0, 0.0, 0.0, 0.0], "cls_0_f1_orig": [0.9816159878745562, 0.9816159878745562, 0.9816159878745562, 0.9816159878745562, 0.9826735129587153, 0.9816159878745562, 0.9816159878745562, 0.981647782747894, 0.9816159878745562, 0.9816159878745562], "cls_1_f1_orig": [0.006085192697768763, 0.006085192697768763, 0.006085192697768763, 0.006085192697768763, 0.003973988439306358, 0.006085192697768763, 0.006085192697768763, 0.006096528365791702, 0.006085192697768763, 0.006085192697768763], "cls_2_f1_orig": [0.0, 0.0, 0.0, 0.0, 0.0, 0.0, 0.0, 0.0, 0.0, 0.0], "cls_3_f1_orig": [0.0, 0.0, 0.0, 0.0, 0.0, 0.0, 0.0, 0.0, 0.0, 0.0]}