{"accuracy": [0.16486163498524853], "macro_f1": [0.07566803437948925], "macro_precision": [0.24589682952535505], "macro_recall": [0.04846581152464785], "cls_0_precision": [0.9740936472153442], "cls_1_precision": [0.00949367088607595], "cls_2_precision": [0.0], "cls_3_precision": [0.0], "cls_0_recall": [0.16969689165872628], "cls_1_recall": [0.024166354439865118], "cls_2_recall": [0.0], "cls_3_recall": [0.0], "cls_0_f1": [0.28904009693885946], "cls_1_f1": [0.013632040579097537], "cls_2_f1": [0.0], "cls_3_f1": [0.0], "accuracy_orig": [0.1980213471560349], "macro_f1_orig": [0.08742665228909288], "macro_precision_orig": [0.24828852169524135], "macro_recall_orig": [0.27658941241830204], "cls_0_precision_orig": [0.9837170129140932], "cls_1_precision_orig": [0.005690470465656809], "cls_2_precision_orig": [0.0033406494093344524], "cls_3_precision_orig": [0.00040595399188092014], "cls_0_recall_orig": [0.20109038737446197], "cls_1_recall_orig": [0.015542907180385288], "cls_2_recall_orig": [0.8643006263048016], "cls_3_recall_orig": [0.025423728813559324], "cls_0_f1_orig": [0.3339209987134893], "cls_1_f1_orig": [0.008330888823701966], "cls_2_f1_orig": [0.0066555740432612314], "cls_3_f1_orig": [0.0007991475759190197]}