{"accuracy": [0.9670483460559797, 0.9710211271686349, 0.9613055823825027, 0.9666118526180003, 0.9698268363121818, 0.9668477286268793, 0.9692850357945463, 0.9706662496814696, 0.9700684216629943, 0.9693123840445269], "macro_f1": [0.5101274047332134, 0.5120149942770259, 0.5087265004881557, 0.4673539039188972, 0.5037211405858987, 0.5150112658545205, 0.5083044629515417, 0.518063264264461, 0.5044800192368912, 0.49686839572375857], "macro_precision": [0.5436400425323452, 0.592187663225873, 0.5078175286550162, 0.5904832493825549, 0.5866291896159992, 0.538491141625188, 0.5706660407959766, 0.5765559517652563, 0.5894818336942288, 0.5895179729460935], "macro_recall": [0.4865798156796182, 0.47171926325903657, 0.509647161911981, 0.42688626476753916, 0.46376964447256225, 0.49680007112048186, 0.4734650036202515, 0.4836655684672138, 0.4639397842275644, 0.45572769323518353], "cls_0_precision": [0.9769862621466365, 0.974890661483211, 0.9801625426750052, 0.9691286649755176, 0.9738435829669223, 0.9783221512661372, 0.9751560171247722, 0.9764591185247714, 0.9738761099691371, 0.9728329340786088], "cls_1_precision": [0.6539338654503991, 0.8016723281944081, 0.5432900432900433, 0.802321083172147, 0.7860439858810752, 0.6371512736094265, 0.7368421052631579, 0.7532087367709975, 0.7945693911135491, 0.7957209847596718], "cls_2_precision": [0.0, 0.0, 0.0, 0.0, 0.0, 0.0, 0.0, 0.0, 0.0, 0.0], "cls_0_recall": [0.9889500093592817, 0.995401325144465, 0.9794819153432763, 0.9968990460470423, 0.9952219174100249, 0.9873218168639768, 0.9932503946341847, 0.9933417594446023, 0.9954587014308118, 0.9957740509777805], "cls_1_recall": [0.47078943767957315, 0.4197564646326447, 0.5494595703926666, 0.2837597482555753, 0.3960870160076618, 0.5030783964974689, 0.42714461622656996, 0.45765494595703926, 0.39636065125188125, 0.37140902872777015], "cls_2_recall": [0.0, 0.0, 0.0, 0.0, 0.0, 0.0, 0.0, 0.0, 0.0, 0.0], "cls_0_f1": [0.9829317329332333, 0.9850392357046409, 0.97982211081077, 0.9828177255023961, 0.9844166968668665, 0.9828013816614208, 0.9841200405088778, 0.9848280906657234, 0.9845491403213539, 0.9841698206351819], "cls_1_f1": [0.5474504812664068, 0.5510057471264368, 0.546357390653697, 0.41924398625429554, 0.5267467248908297, 0.5622324159021407, 0.5407933483457474, 0.5693617021276596, 0.5288909173893199, 0.506435366536094], "cls_2_f1": [0.0, 0.0, 0.0, 0.0, 0.0, 0.0, 0.0, 0.0, 0.0, 0.0], "accuracy_orig": [0.9971295599587549, 0.9970515285789928, 0.9972020176685339, 0.9968787448095199, 0.9969623498592648, 0.9970905442688739, 0.9969512025192988, 0.9970348075690438, 0.9969902182091799, 0.9969623498592648], "macro_f1_orig": [0.9054477263240057, 0.8849951528296538, 0.906491632436002, 0.8654605664705185, 0.8718050004586415, 0.8905054530910762, 0.8714671012574615, 0.8964886900170996, 0.8846620311751965, 0.8762738612162083], "macro_precision_orig": [0.9537207931843912, 0.9534090092981005, 0.9514487278497354, 0.9654765237318511, 0.9549572580448803, 0.9558245742807192, 0.9537807571940331, 0.9546914730450279, 0.9531478502020175, 0.9554996420810185], "macro_recall_orig": [0.8692054856883897, 0.8391048748322154, 0.8729865786525104, 0.8096726934724819, 0.8208720690576985, 0.8468169198409585, 0.8212955502266814, 0.8550866239224433, 0.8388883699189429, 0.8266679455963193], "cls_0_precision_orig": [0.9986740141208886, 0.9984278263264498, 0.9987886442575422, 0.9982387902152462, 0.9983190095351746, 0.9986339111468259, 0.9983819234454703, 0.9985136127817823, 0.9984563296224033, 0.998353328628558], "cls_1_precision_orig": [0.9433681073025335, 0.9490103270223752, 0.9429117147707979, 0.94770819883796, 0.9489554167564075, 0.9432397959183674, 0.9466009007076989, 0.945384450631827, 0.9456219225005352, 0.9477306947730695], "cls_2_precision_orig": [0.9787234042553191, 0.9757869249394673, 0.9699769053117783, 0.9849246231155779, 0.980246913580247, 0.9760191846522782, 0.9778325123152709, 0.9761336515513126, 0.9781021897810219, 0.9803921568627451], "cls_3_precision_orig": [0.8941176470588236, 0.8904109589041096, 0.8941176470588236, 0.9310344827586207, 0.8923076923076924, 0.9054054054054054, 0.8923076923076924, 0.8987341772151899, 0.8904109589041096, 0.8955223880597015], "cls_0_recall_orig": [0.9984447632711622, 0.9986054519368723, 0.998416068866571, 0.9985939741750358, 0.9986169296987087, 0.9984619799139168, 0.9985595408895266, 0.9985021520803443, 0.9985136298421807, 0.9985882352941177], "cls_1_recall_orig": [0.9700087565674256, 0.965630472854641, 0.9726357267950964, 0.9640980735551664, 0.9645359019264448, 0.9713222416812609, 0.9662872154115587, 0.9662872154115587, 0.9669439579684763, 0.9645359019264448], "cls_2_recall_orig": [0.8643006263048016, 0.8413361169102297, 0.8768267223382046, 0.8183716075156576, 0.8288100208768268, 0.8496868475991649, 0.8288100208768268, 0.8538622129436325, 0.8392484342379958, 0.8350730688935282], "cls_3_recall_orig": [0.6440677966101694, 0.5508474576271186, 0.6440677966101694, 0.4576271186440678, 0.4915254237288136, 0.5677966101694916, 0.4915254237288136, 0.6016949152542372, 0.5508474576271186, 0.5084745762711864], "cls_0_f1_orig": [0.9985593755380818, 0.998516631232229, 0.9986023218103807, 0.9984163506062049, 0.9984679473937892, 0.9985479381295377, 0.9984707242684295, 0.9985078823981773, 0.9984849789102178, 0.9984707681449241], "cls_1_f1_orig": [0.956502968159741, 0.9572482638888888, 0.9575431034482759, 0.9558328811720022, 0.9566822277711432, 0.9570750647109577, 0.9563427580977142, 0.9557215546173, 0.9561640870224051, 0.9560594553542368], "cls_2_f1_orig": [0.917960088691796, 0.9035874439461884, 0.9210526315789473, 0.8939566704675028, 0.8981900452488688, 0.9084821428571429, 0.8971751412429378, 0.910913140311804, 0.903370786516854, 0.9019165727170236], "cls_3_f1_orig": [0.7487684729064039, 0.680628272251309, 0.7487684729064039, 0.6136363636363636, 0.6338797814207651, 0.6979166666666666, 0.6338797814207651, 0.7208121827411168, 0.680628272251309, 0.6486486486486487]}