{"accuracy": [0.9646901296272783], "macro_f1": [0.3580607236778673], "macro_precision": [0.4154247779098528], "macro_recall": [0.3317041925921991], "cls_0_precision": [0.9712966348592256], "cls_1_precision": [0.6904024767801857], "cls_2_precision": [0.0], "cls_3_precision": [0.0], "cls_0_recall": [0.992575048063305], "cls_1_recall": [0.3342417223054912], "cls_2_recall": [0.0], "cls_3_recall": [0.0], "cls_0_f1": [0.9818205663971099], "cls_1_f1": [0.4504223283143592], "cls_2_f1": [0.0], "cls_3_f1": [0.0], "accuracy_orig": [0.9971908703285678], "macro_f1_orig": [0.9136240959064614], "macro_precision_orig": [0.9418114509461528], "macro_recall_orig": [0.8899553491467759], "cls_0_precision_orig": [0.998696997353814], "cls_1_precision_orig": [0.9468153549217242], "cls_2_precision_orig": [0.9660633484162896], "cls_3_precision_orig": [0.8556701030927835], "cls_0_recall_orig": [0.9984849354375896], "cls_1_recall_orig": [0.966506129597198], "cls_2_recall_orig": [0.8914405010438413], "cls_3_recall_orig": [0.7033898305084746], "cls_0_f1_orig": [0.9985909551372742], "cls_1_f1_orig": [0.9565594193478496], "cls_2_f1_orig": [0.9272529858849077], "cls_3_f1_orig": [0.772093023255814]}