{"accuracy": [0.9832989405415812, 0.9809689416992706, 0.9831593841837291, 0.9776025898504241, 0.98448045208857, 0.9808546844089545, 0.9803395459084838, 0.97924064956483, 0.9778549874367328, 0.9823447217074766], "macro_f1": [0.5878144306432164, 0.5730592325996272, 0.5884144070910319, 0.5509952472790124, 0.5951006387689329, 0.5716036809459893, 0.56941395015597, 0.5644944679599491, 0.5526751497409376, 0.5832364651360691], "macro_precision": [0.6339943892157827, 0.6358365145248155, 0.6299920537799614, 0.6280293113634546, 0.6317456184249312, 0.6362553938660939, 0.6319624291725082, 0.6240183863535309, 0.6296374723568323, 0.6273480964112207], "macro_recall": [0.5547674938019402, 0.53314745124668, 0.5577860587026947, 0.5075825842501628, 0.5670574554296244, 0.5310244490574337, 0.5298200179961657, 0.5264435360288192, 0.5091376840262053, 0.5514294376603189], "cls_0_precision": [0.9854302333521637, 0.9825695479384003, 0.9857652356949675, 0.9794424573177477, 0.9871109401942663, 0.9823898826816333, 0.9822339892488416, 0.9817927430987624, 0.9795998865975569, 0.9850851569462323], "cls_1_precision": [0.9165529342951843, 0.9249399956360462, 0.9042109256449166, 0.9046454767726161, 0.9081259150805271, 0.9263762989166482, 0.9136532982686829, 0.8902624159618304, 0.90931253047294, 0.8969591322874297], "cls_2_precision": [0.0, 0.0, 0.0, 0.0, 0.0, 0.0, 0.0, 0.0, 0.0, 0.0], "cls_0_recall": [0.9973047515533804, 0.997824414483724, 0.9968041028750442, 0.9975525788683025, 0.9968430547203848, 0.9979028926268467, 0.9975247991255128, 0.9968132248027908, 0.9976587558138805, 0.9966626384566738], "cls_1_recall": [0.6669977298524404, 0.6016179392563157, 0.6765540732330401, 0.525195173882186, 0.7043293115684883, 0.5951704545454546, 0.5919352548629845, 0.5825173832836668, 0.5297542962647351, 0.6576256745242829], "cls_2_recall": [0.0, 0.0, 0.0, 0.0, 0.0, 0.0, 0.0, 0.0, 0.0, 0.0], "cls_0_f1": [0.9913319344524381, 0.990138227509089, 0.9912539372984245, 0.9884145698567947, 0.9919531274347867, 0.9900856255587154, 0.9898203443503846, 0.9892459703578023, 0.9885468527945617, 0.9908400795540492], "cls_1_f1": [0.7721113574772112, 0.7290394702897928, 0.7739892839746713, 0.6645711719802425, 0.7933487888720121, 0.7247254172792528, 0.7184215061175254, 0.7042374335220449, 0.6694785964282509, 0.7588693158541582], "cls_2_f1": [0.0, 0.0, 0.0, 0.0, 0.0, 0.0, 0.0, 0.0, 0.0, 0.0], "accuracy_orig": [0.9969010394894519, 0.9968898921494859, 0.9970849705988908, 0.9972187386784829, 0.9971574283086698, 0.9968675974695538, 0.9970069392191289, 0.9967616977398768, 0.9966780926901319, 0.9970459549090098], "macro_f1_orig": [0.8718112433997393, 0.8606578382441449, 0.8769841394452321, 0.8688247938231659, 0.8712439591620282, 0.8703791071821834, 0.8782106999372907, 0.8660157561410473, 0.8689406105024985, 0.8706704084393363], "macro_precision_orig": [0.9539834939783737, 0.9558821149213855, 0.9488866802851125, 0.9465661236070798, 0.9590532562205185, 0.954893726661692, 0.9562751872486637, 0.9544631624129468, 0.9614858918278939, 0.9575764604896496], "macro_recall_orig": [0.8191397327854949, 0.8038256015645339, 0.8282068824750698, 0.817210890143373, 0.8159534133344428, 0.8156828698641075, 0.8259269428520709, 0.810758852328171, 0.8131334623171695, 0.8162977757131133], "cls_0_precision_orig": [0.9981988596601925, 0.9981588230233158, 0.9983135336059978, 0.9982108860701424, 0.9982164669989047, 0.9981645166656151, 0.9982333371572789, 0.9981586117883264, 0.9982155664572396, 0.9982677228586014], "cls_1_precision_orig": [0.9506493506493506, 0.9513618677042801, 0.9542696142175986, 0.9629629629629629, 0.9594417793283908, 0.9504757785467128, 0.9534026874729086, 0.9461555029076029, 0.9414780008543358, 0.9534833405452185], "cls_2_precision_orig": [0.9847328244274809, 0.9869109947643979, 0.9799498746867168, 0.9822335025380711, 0.9846153846153847, 0.9868766404199475, 0.9845758354755784, 0.994750656167979, 0.984375, 0.9846153846153847], "cls_3_precision_orig": [0.8823529411764706, 0.8870967741935484, 0.863013698630137, 0.8428571428571429, 0.8939393939393939, 0.8840579710144928, 0.8888888888888888, 0.8787878787878788, 0.921875, 0.8939393939393939], "cls_0_recall_orig": [0.9986800573888092, 0.9987030129124821, 0.9987661406025825, 0.9990014347202295, 0.9989210903873744, 0.9986857962697274, 0.9987489239598278, 0.9985882352941177, 0.998416068866571, 0.9987661406025825], "cls_1_recall_orig": [0.9614711033274956, 0.9634413309982487, 0.9638791593695272, 0.9619089316987741, 0.9632224168126094, 0.9621278458844134, 0.9630035026269702, 0.9616900175131349, 0.9649737302977233, 0.964754816112084], "cls_2_recall_orig": [0.8079331941544885, 0.7870563674321504, 0.8162839248434238, 0.8079331941544885, 0.8016701461377871, 0.7849686847599165, 0.7995824634655533, 0.791231732776618, 0.7891440501043842, 0.8016701461377871], "cls_3_recall_orig": [0.5084745762711864, 0.4661016949152542, 0.5338983050847458, 0.5, 0.5, 0.5169491525423728, 0.5423728813559322, 0.4915254237288136, 0.5, 0.5], "cls_0_f1_orig": [0.9984394005462098, 0.9984308438158895, 0.9985397858161278, 0.998606003935314, 0.9985686543917068, 0.9984250884274121, 0.9984910640006884, 0.9983733773219536, 0.9983158075946461, 0.9985168695332872], "cls_1_f1_orig": [0.956029603831084, 0.9573634979334349, 0.95905031583533, 0.9624356587449349, 0.9613283810356128, 0.956266318537859, 0.958179045959486, 0.9538595157963304, 0.953081081081081, 0.9590859630032644], "cls_2_f1_orig": [0.8876146788990825, 0.875725900116144, 0.8906605922551253, 0.8865979381443299, 0.8837744533947065, 0.8744186046511628, 0.8824884792626728, 0.8813953488372093, 0.8760139049826188, 0.8837744533947065], "cls_3_f1_orig": [0.6451612903225806, 0.6111111111111112, 0.6596858638743456, 0.6276595744680851, 0.6413043478260869, 0.6524064171122995, 0.6736842105263158, 0.6304347826086957, 0.6483516483516484, 0.6413043478260869]}