{"accuracy": [0.9983126373952825, 0.9974238539145438, 0.9980374612264376, 0.9979568044421475, 0.9977111906003032, 0.9984482748291006, 0.9971044279885144, 0.9978993734028355, 0.9984275789498858, 0.9980789079605997], "macro_f1": [0.9811601765166066, 0.9706515555135837, 0.9778845147759856, 0.9770970703856782, 0.9741700121497827, 0.9827956352447265, 0.9670296266172587, 0.9764883469386596, 0.982521927233685, 0.9783965616951456], "macro_precision": [0.9889657847553284, 0.9914539911410398, 0.991073655570273, 0.9906145459314473, 0.991194235178238, 0.9903195018337548, 0.9919954082741776, 0.9874051093373101, 0.9899196090738873, 0.9902142603644359], "macro_recall": [0.9736117585607149, 0.9516153786187842, 0.9654177945319808, 0.9643388054871893, 0.9583393030707774, 0.9755102934273774, 0.944583265994246, 0.9660728312740032, 0.9753550591970436, 0.9671616305383879], "cls_0_precision": [0.9987539205913103, 0.9976918037604618, 0.9983591457798328, 0.9982976369726209, 0.9980091883614088, 0.9988352061991552, 0.9973317191881509, 0.9983900686210295, 0.9988315684511246, 0.9984441163190843], "cls_1_precision": [0.9791776489193463, 0.9852161785216178, 0.9837881653607133, 0.9829314548902737, 0.9843792819950672, 0.9818037974683544, 0.9866590973602044, 0.9764201500535906, 0.98100764969665, 0.9819844044097876], "cls_0_recall": [0.9995194354887766, 0.9996748605888091, 0.9996335430281561, 0.9996123100780918, 0.9996502681277687, 0.9995766819224776, 0.9997090089588093, 0.9994607380535095, 0.9995592232534222, 0.9995907297227957], "cls_1_recall": [0.9477040816326531, 0.9035558966487592, 0.9312020460358056, 0.9290653008962868, 0.917028338013786, 0.951443904932277, 0.8894575230296827, 0.932684924494497, 0.951150895140665, 0.93473253135398], "cls_0_f1": [0.9991365314101901, 0.998682347749879, 0.998995937973992, 0.9989545409819935, 0.9988290541700385, 0.9992058065050273, 0.9985189491031757, 0.9989251164457184, 0.9991952633753041, 0.999017094017094], "cls_1_f1": [0.9631838216230231, 0.9426207632772885, 0.9567730915779793, 0.9552395997893628, 0.9495109701295268, 0.9663854639844257, 0.9355403041313417, 0.954051577431601, 0.965848591092066, 0.957776029373197], "accuracy_orig": [0.9969010394894519, 0.9969623498592648, 0.9967895660897919, 0.9971016916088399, 0.9968787448095199, 0.9966000613103698, 0.9970682495889418, 0.9969679235292478, 0.9967059610400468, 0.9966892400300978], "macro_f1_orig": [0.8564267650914821, 0.8362681768792137, 0.854808608100663, 0.8290780098135472, 0.8547821223479242, 0.8545607424014381, 0.8416542615739693, 0.8534661697987507, 0.8469411179430658, 0.8434018249267989], "macro_precision_orig": [0.9617112700475184, 0.9737872251815517, 0.964982483551901, 0.9801537826800486, 0.9613968935293665, 0.9605581527510944, 0.9675582200419615, 0.961998179030225, 0.9608734893200795, 0.9645933258400468], "macro_recall_orig": [0.7942465486393517, 0.7682799472313937, 0.7907218817645255, 0.7575282545249437, 0.7921519896090995, 0.7921688129800535, 0.7734524056283025, 0.7904840863946474, 0.7823200829532456, 0.7766424267905561], "cls_0_precision_orig": [0.9980388783760537, 0.9977649533219097, 0.9979644028532765, 0.9977082485862758, 0.9979303188226324, 0.997918303445982, 0.9978051827486218, 0.9979819175223451, 0.9979242405128617, 0.9977529378045286], "cls_1_precision_orig": [0.9554541503694046, 0.9667847652790079, 0.9537258309797958, 0.9741417744092733, 0.958616159404423, 0.9482459939367691, 0.9696163229097361, 0.9599474720945502, 0.9518751354866681, 0.957227462162755], "cls_2_precision_orig": [0.9917127071823204, 0.9944289693593314, 0.9915730337078652, 0.9942196531791907, 0.989041095890411, 0.9944289693593314, 0.9971509971509972, 0.9917582417582418, 0.9971428571428571, 0.9943019943019943], "cls_3_precision_orig": [0.9016393442622951, 0.9361702127659575, 0.9166666666666666, 0.9545454545454546, 0.9, 0.9016393442622951, 0.9056603773584906, 0.8983050847457628, 0.896551724137931, 0.9090909090909091], "cls_0_recall_orig": [0.9988407460545193, 0.9991563845050215, 0.9988005738880918, 0.9993629842180775, 0.9989210903873744, 0.9986456241032998, 0.999248206599713, 0.9989727403156384, 0.9987489239598278, 0.9988981348637016], "cls_1_recall_orig": [0.9625656742556917, 0.9557793345008757, 0.9610332749562172, 0.9566549912434326, 0.9584063047285464, 0.9586252189141856, 0.957092819614711, 0.9601576182136602, 0.9612521891418564, 0.9553415061295972], "cls_2_recall_orig": [0.7494780793319415, 0.7453027139874739, 0.7369519832985386, 0.7181628392484343, 0.7536534446764092, 0.7453027139874739, 0.7306889352818372, 0.7536534446764092, 0.7286012526096033, 0.7286012526096033], "cls_3_recall_orig": [0.4661016949152542, 0.3728813559322034, 0.4661016949152542, 0.3559322033898305, 0.4576271186440678, 0.4661016949152542, 0.4067796610169492, 0.4491525423728814, 0.4406779661016949, 0.423728813559322], "cls_0_f1_orig": [0.9984396512161542, 0.9984601841470653, 0.9983823132919925, 0.9985349308607783, 0.9984254588109777, 0.9982818312982069, 0.9985261733266045, 0.998477083112257, 0.9983364119273528, 0.9983252079151133], "cls_1_f1_orig": [0.9589967284623773, 0.961250550418318, 0.9573656089848436, 0.9653191959354981, 0.9585112205801861, 0.9534073590246026, 0.9633138702214388, 0.9600525336543724, 0.9565406818429365, 0.9562835542894708], "cls_2_f1_orig": [0.8537455410225921, 0.8520286396181385, 0.8455089820359282, 0.833939393939394, 0.8554502369668247, 0.8520286396181385, 0.8433734939759037, 0.8564650059311981, 0.841978287092883, 0.8409638554216867], "cls_3_f1_orig": [0.6145251396648045, 0.5333333333333333, 0.6179775280898876, 0.5185185185185185, 0.6067415730337079, 0.6145251396648045, 0.5614035087719298, 0.5988700564971752, 0.5909090909090909, 0.5780346820809249]}