{"accuracy": [0.993759063746706, 0.9930356871848774, 0.9927805141353485, 0.9948429177575155, 0.9934548775537816, 0.9933598787994841, 0.9942181576845633, 0.9930305755395683, 0.9930082133789695, 0.991986827042908], "macro_f1": [0.6209930828750384, 0.6150919475964137, 0.915209245115707, 0.9389437287041393, 0.6154911133327263, 0.9194413991579566, 0.6218542993140995, 0.9204650082555522, 0.9182284570152586, 0.6011132822052269], "macro_precision": [0.6239851056152707, 0.6203681473487085, 0.949646036730112, 0.9818726981718974, 0.6396221903888114, 0.9735982424047724, 0.6425485060617119, 0.940481615982109, 0.9513082505094137, 0.6409562430227026], "macro_recall": [0.6180652156265436, 0.6100160293974718, 0.8858860014317556, 0.9033255276768215, 0.5950361672523226, 0.876830103181225, 0.6038703173931815, 0.9022716769623769, 0.8898656677628636, 0.5707538303132119], "cls_0_precision": [0.9965575200281868, 0.9959974236290026, 0.9945835532808519, 0.9953727683966987, 0.9948800846799478, 0.9941235208373983, 0.9955213082373477, 0.9953766985607462, 0.9947657215088052, 0.9931373112042726], "cls_1_precision": [0.8753977968176254, 0.8651070184171229, 0.9047085201793722, 0.968372627947096, 0.9239864864864865, 0.9530729639721466, 0.9321242099477879, 0.8855865334034718, 0.9078507795100222, 0.9297314178638351], "cls_2_precision": [0.0, 0.0, 0.0, 0.0, 0.0], "cls_0_recall": [0.9970527897367737, 0.996874550320891, 0.9980423767848917, 0.9993643822951578, 0.9984354432718288, 0.9991060357008968, 0.9985716424959395, 0.997496374058982, 0.9980918340875681, 0.9986948562320614], "cls_1_recall": [0.8571428571428571, 0.8331735378715245, 0.7737296260786194, 0.8072866730584851, 0.786673058485139, 0.7545541706615532, 0.8130393096836049, 0.8070469798657718, 0.7816395014381592, 0.7135666347075743], "cls_2_recall": [0.0, 0.0, 0.0, 0.0, 0.0], "cls_0_f1": [0.9968050933629137, 0.9964357939491921, 0.996309963099631, 0.9973645815912853, 0.9966545932348441, 0.9966085508242746, 0.9970441423412233, 0.996435409036813, 0.9964260021294351, 0.995908330477899], "cls_1_f1": [0.8661741552622018, 0.8488400488400488, 0.834108527131783, 0.8805228758169935, 0.849818746763335, 0.8422742474916388, 0.8685187556010754, 0.8444946074742914, 0.8400309119010819, 0.8074315161377814], "cls_2_f1": [0.0, 0.0, 0.0, 0.0, 0.0], "accuracy_orig": [0.9970236602290778, 0.9971295599587549, 0.9969456288493158, 0.9970403812390268, 0.9969679235292478, 0.9969679235292478, 0.9970013655491459, 0.9970180865590949, 0.9969177604994008, 0.9970292338990608], "macro_f1_orig": [0.8904223837445285, 0.9018382976633851, 0.8752847323209156, 0.8833048892750353, 0.8807694080055657, 0.8681807896377295, 0.8919252725282296, 0.876956908826033, 0.8702962293646288, 0.8889584141766946], "macro_precision_orig": [0.9573550798998636, 0.95879886840591, 0.9593238687046575, 0.9585397745966252, 0.9564470188925954, 0.9557012559992357, 0.9578783583282249, 0.9555158887033095, 0.955854822705842, 0.9593536955803125], "macro_recall_orig": [0.8453199283791304, 0.8610259306713006, 0.8232334151055494, 0.8335829589123409, 0.8316727258204843, 0.8148464236646574, 0.8468451667577965, 0.8271439089643083, 0.8177376756088887, 0.8403275875401226], "cls_0_precision_orig": [0.9985021520803443, 0.9985995844668664, 0.9983361446750892, 0.9983134465351079, 0.9983762135365266, 0.9982446982429773, 0.9984506355263535, 0.9983877445636583, 0.9982903531166634, 0.9982905394552672], "cls_1_precision_orig": [0.9448364336112893, 0.945524460585345, 0.9473684210526315, 0.9517211517644512, 0.9471649484536082, 0.9515675675675676, 0.945719802617464, 0.9488392089423904, 0.947934595524957, 0.952308692824626], "cls_2_precision_orig": [0.9806763285024155, 0.9785714285714285, 0.9825, 0.9827160493827161, 0.980246913580247, 0.982367758186398, 0.9806763285024155, 0.9777777777777777, 0.9848866498740554, 0.9801488833746899], "cls_3_precision_orig": [0.9054054054054054, 0.9125, 0.9090909090909091, 0.9014084507042254, 0.9, 0.890625, 0.9066666666666666, 0.8970588235294118, 0.8923076923076924, 0.9066666666666666], "cls_0_recall_orig": [0.9985021520803443, 0.9985078909612626, 0.9985882352941177, 0.9987144906743185, 0.998571018651363, 0.9986972740315638, 0.9985365853658537, 0.9986169296987087, 0.9986054519368723, 0.9987144906743185], "cls_1_recall_orig": [0.9673817863397548, 0.9689141856392294, 0.9654115586690017, 0.9623467600700525, 0.9654115586690017, 0.9634413309982487, 0.9649737302977233, 0.9662872154115587, 0.9645359019264448, 0.9616900175131349], "cls_2_recall_orig": [0.8475991649269311, 0.8580375782881002, 0.8204592901878914, 0.8308977035490606, 0.8288100208768268, 0.81419624217119, 0.8475991649269311, 0.826722338204593, 0.8162839248434238, 0.824634655532359], "cls_3_recall_orig": [0.5677966101694916, 0.6186440677966102, 0.5084745762711864, 0.5423728813559322, 0.5338983050847458, 0.4830508474576271, 0.576271186440678, 0.5169491525423728, 0.4915254237288136, 0.576271186440678], "cls_0_f1_orig": [0.9985021520803443, 0.9985537356090954, 0.9984621740727139, 0.9985139283357719, 0.9984736065921832, 0.9984709348526446, 0.9984936085964736, 0.998502323980031, 0.9984478776663654, 0.9985024700637455], "cls_1_f1_orig": [0.9559762033531639, 0.9570764406962915, 0.9563048899490404, 0.957004462827909, 0.9562012142237641, 0.9574676384205374, 0.9552497562032723, 0.9574837310195228, 0.9561631944444444, 0.9569763642304759], "cls_2_f1_orig": [0.9092945128779395, 0.914349276974416, 0.89419795221843, 0.9004524886877828, 0.8981900452488688, 0.8904109589041096, 0.9092945128779395, 0.8959276018099548, 0.8926940639269406, 0.8956916099773242], "cls_3_f1_orig": [0.6979166666666666, 0.7373737373737373, 0.6521739130434783, 0.6772486772486772, 0.6702127659574468, 0.6263736263736264, 0.7046632124352331, 0.6559139784946236, 0.6338797814207651, 0.7046632124352331]}