{"accuracy": [0.11108254337327848], "macro_f1": [0.06169824743060617], "macro_precision": [0.252610819308479], "macro_recall": [0.11843858556006226], "cls_0_precision": [0.9793693212185997], "cls_1_precision": [0.031073956015316453], "cls_2_precision": [0.0], "cls_3_precision": [0.0], "cls_0_recall": [0.10488237650964455], "cls_1_recall": [0.3688719657306045], "cls_2_recall": [0.0], "cls_3_recall": [0.0], "cls_0_f1": [0.18947368421052632], "cls_1_f1": [0.05731930551189838], "cls_2_f1": [0.0], "cls_3_f1": [0.0], "accuracy_orig": [0.11016916088398405], "macro_f1_orig": [0.05908508481417402], "macro_precision_orig": [0.24852655940885268], "macro_recall_orig": [0.25137322342698104], "cls_0_precision_orig": [0.970507580069333], "cls_1_precision_orig": [0.0229132165014707], "cls_2_precision_orig": [0.0], "cls_3_precision_orig": [0.0006854410646069998], "cls_0_recall_orig": [0.1076441893830703], "cls_1_recall_orig": [0.20293345008756566], "cls_2_recall_orig": [0.0], "cls_3_recall_orig": [0.6949152542372882], "cls_0_f1_orig": [0.19379368416702397], "cls_1_f1_orig": [0.04117712382009994], "cls_2_f1_orig": [0.0], "cls_3_f1_orig": [0.0013695312695721886]}