{"accuracy": [0.9870417681658844, 0.9863104795226342, 0.9874791219279409, 0.9874884319075034, 0.9869202331949263, 0.9872087519696126, 0.9865558410155659, 0.9875458576960136, 0.9870678831505817, 0.9871072052883726], "macro_f1": [0.8091067500777624, 0.802576233288288, 0.8196228752344372, 0.8237184369098374, 0.8141758322974448, 0.8163321127866271, 0.8035238532235518, 0.8247602932296859, 0.8162474557541619, 0.8139241575291989], "macro_precision": [0.973340442747102, 0.9484592204003883, 0.9688814397985123, 0.9601967776422703, 0.9539077969795025, 0.9656756589969109, 0.9707803923820566, 0.9574857927528606, 0.9536344982746807, 0.9616794389772345], "macro_recall": [0.7313984539006917, 0.7300725861882742, 0.7441928441544099, 0.7512885558446795, 0.7418987108427895, 0.7412838325406949, 0.7259426266603319, 0.7532942289789956, 0.7443706709482594, 0.7395599298474576], "cls_0_precision": [0.987357060877194, 0.9872312561388191, 0.9879367494430256, 0.9881982020365557, 0.9877574544241211, 0.9877385435427241, 0.986917156254394, 0.9883360714870296, 0.987921901014076, 0.9877301354394991], "cls_1_precision": [0.95932382461701, 0.9096871846619576, 0.949826130153999, 0.9321953532479849, 0.9200581395348837, 0.9436127744510978, 0.9546436285097192, 0.9266355140186916, 0.9193470955352856, 0.9356287425149701], "cls_0_recall": [0.9995316016789343, 0.9989018876489967, 0.9993831307640628, 0.9991200054153513, 0.9989876182645936, 0.9993067399599995, 0.999479930905106, 0.9990379076636476, 0.9989715209246517, 0.9992120020035918], "cls_1_recall": [0.463265306122449, 0.4612432847275518, 0.489002557544757, 0.5034571062740076, 0.48480980342098545, 0.48326092512139024, 0.4524053224155578, 0.5075505502943435, 0.489769820971867, 0.47990785769132327], "cls_0_f1": [0.9934070318947301, 0.9930322832460717, 0.9936269761990788, 0.9936290919773071, 0.9933407968470214, 0.9934889678412955, 0.9931588175582147, 0.9936581753464233, 0.9934159860953419, 0.9934378938098781], "cls_1_f1": [0.6248064682607948, 0.6121201833305041, 0.6456187742697957, 0.6538077818423678, 0.6350108677478683, 0.6391752577319587, 0.6138888888888889, 0.6558624111129485, 0.6390789254129818, 0.6344104212485198], "accuracy_orig": [0.9760109243931667, 0.9745227545077056, 0.9758548616336427, 0.9752529052754786, 0.9752974946353427, 0.9758604353036257, 0.9760833821029457, 0.9758102722737787, 0.9755984728144247, 0.9758827299835576], "macro_f1_orig": [0.33926389440741617, 0.3304990384678266, 0.3390227749132404, 0.3374516629344855, 0.33806044329874474, 0.3388523963477924, 0.3371768842811972, 0.3395372885190786, 0.3377146962068262, 0.33958040428177155], "macro_precision_orig": [0.4508995319186674, 0.42062717747952144, 0.44488307306024366, 0.42931279107677245, 0.4307448647579922, 0.44703817248917443, 0.45850980335567615, 0.44192027363640174, 0.43658953793613847, 0.4458726086828748], "macro_recall_orig": [0.30911238934940083, 0.30430593147514867, 0.3093919801400548, 0.3094502056599839, 0.30983474020508206, 0.30907365190320285, 0.3068927000128145, 0.31007332211856165, 0.3090062200524138, 0.30977221052446435], "cls_0_precision_orig": [0.9771141094098292, 0.9766677528456016, 0.9771810798971099, 0.9772106511403105, 0.9772052872943081, 0.9770996653114401, 0.9768963562798476, 0.977266216147896, 0.9772363387133924, 0.9771808235796284], "cls_1_precision_orig": [0.8264840182648402, 0.7058409570724842, 0.8023512123438648, 0.7400405131667792, 0.7457741717376606, 0.8110530246452576, 0.8571428571428571, 0.790414878397711, 0.7691218130311614, 0.8063096111518708], "cls_2_precision_orig": [0.0, 0.0, 0.0, 0.0, 0.0, 0.0, 0.0, 0.0, 0.0, 0.0], "cls_3_precision_orig": [0.0, 0.0, 0.0, 0.0, 0.0, 0.0, 0.0, 0.0, 0.0, 0.0], "cls_0_recall_orig": [0.9987087517934002, 0.9976527977044476, 0.9985136298421807, 0.99787087517934, 0.9978766140602583, 0.9985538020086083, 0.9990243902439024, 0.9983931133428982, 0.998284074605452, 0.9985021520803443], "cls_1_recall_orig": [0.23774080560420316, 0.2195709281961471, 0.23905429071803852, 0.23992994746059546, 0.24146234676007006, 0.23774080560420316, 0.22854640980735552, 0.2419001751313485, 0.23774080560420316, 0.24058669001751312], "cls_2_recall_orig": [0.0, 0.0, 0.0, 0.0, 0.0, 0.0, 0.0, 0.0, 0.0, 0.0], "cls_3_recall_orig": [0.0, 0.0, 0.0, 0.0, 0.0, 0.0, 0.0, 0.0, 0.0, 0.0], "cls_0_f1_orig": [0.9877934219003209, 0.9870487502980888, 0.9877321858395023, 0.9874327056311474, 0.9874327769985178, 0.9877102456247907, 0.9878364690293859, 0.9877167035231799, 0.9876480824861676, 0.9877264392481451], "cls_1_f1_orig": [0.36926215572934373, 0.33494740357321756, 0.36835891381345925, 0.3623739461067945, 0.36480899619646107, 0.36769933976637886, 0.3608710680954027, 0.37043245055313445, 0.3632107023411371, 0.37059517787894114], "cls_2_f1_orig": [0.0, 0.0, 0.0, 0.0, 0.0, 0.0, 0.0, 0.0, 0.0, 0.0], "cls_3_f1_orig": [0.0, 0.0, 0.0, 0.0, 0.0, 0.0, 0.0, 0.0, 0.0, 0.0]}