{"accuracy": [0.9844879441588561, 0.9845593484236146, 0.9765422935924252, 0.9769229033131714, 0.9764804040950705, 0.9840164003672061, 0.9845442580906422, 0.9845379946043166, 0.9766039732713342, 0.984063879819323], "macro_f1": [0.7506571124432316, 0.7512037023044209, 0.49406597407917346, 0.5136624928205932, 0.494050131775605, 0.7386894206772356, 0.7511543425831761, 0.7505791737379579, 0.4979016616151556, 0.7403450749271024], "macro_precision": [0.9911397703859934, 0.990146124773791, 0.4882711467962126, 0.9825064218565698, 0.48824020204753527, 0.990101313990806, 0.98979502746153, 0.9904734482811774, 0.9883009328851882, 0.9901410901897326], "macro_recall": [0.6708925781391221, 0.6714832117086003, 0.5, 0.5099443783262174, 0.5, 0.6604601737425546, 0.6714803211151588, 0.6708868577497686, 0.5019175455417066, 0.6618983142467911], "cls_0_precision": [0.9843789109609302, 0.9844676148920496, 0.9765422935924252, 0.9769176056179014, 0.9764804040950705, 0.9839228660768502, 0.9844579269675663, 0.9844409566601885, 0.9766018657703762, 0.9839694960136836], "cls_1_precision": [0.9979006298110566, 0.9958246346555324, 0.0, 0.9880952380952381, 0.0, 0.9962797619047619, 0.9951321279554938, 0.9965059399021663, 1.0, 0.9963126843657817], "cls_0_recall": [0.9999826634690399, 0.9999654646444297, 1.0, 0.9999942216572287, 1.0, 0.9999711624419644, 0.9999596834575467, 0.9999712226903331, 1.0, 0.9999711251378774], "cls_1_recall": [0.3418024928092042, 0.34300095877277087, 0.0, 0.019894534995206135, 0.0, 0.3209491850431448, 0.34300095877277087, 0.3418024928092042, 0.003835091083413231, 0.3238255033557047], "cls_0_f1": [0.9921194382412214, 0.9921560229008723, 0.9881319481583469, 0.98832122624269, 0.98810026355121, 0.991882104588699, 0.9921482573588658, 0.9921453187413094, 0.9881624445292606, 0.9919057793766362], "cls_1_f1": [0.5091947866452419, 0.5102513817079694, 0.0, 0.03900375939849624, 0.0, 0.4854967367657723, 0.5101604278074866, 0.5090130287346064, 0.007640878701050621, 0.48878437047756873], "accuracy_orig": [0.9709277373686704, 0.9709277373686704, 0.9712119945378034, 0.9712119945378034, 0.9712119945378034, 0.9709667530585514, 0.9709277373686704, 0.9709277373686704, 0.9712119945378034, 0.9709779003985174], "macro_f1_orig": [0.24631236319828967, 0.24631236319828967, 0.24634894603650348, 0.24634894603650348, 0.24634894603650348, 0.24631738499693173, 0.24631236319828967, 0.24631236319828967, 0.24634894603650348, 0.24631881976002692], "macro_precision_orig": [0.242800952253518, 0.242800952253518, 0.24280299863445085, 0.24280299863445085, 0.24280299863445085, 0.2428012331982316, 0.242800952253518, 0.242800952253518, 0.24280299863445085, 0.24280131346412226], "macro_recall_orig": [0.24992682926829268, 0.24992682926829268, 0.25, 0.25, 0.25, 0.24993687230989958, 0.24992682926829268, 0.24992682926829268, 0.25, 0.24993974175035868], "cls_0_precision_orig": [0.971203809014072, 0.971203809014072, 0.9712119945378034, 0.9712119945378034, 0.9712119945378034, 0.9712049327929264, 0.971203809014072, 0.971203809014072, 0.9712119945378034, 0.971205253856489], "cls_1_precision_orig": [0.0, 0.0, 0.0, 0.0, 0.0, 0.0, 0.0, 0.0, 0.0, 0.0], "cls_2_precision_orig": [0.0, 0.0, 0.0, 0.0, 0.0, 0.0, 0.0, 0.0, 0.0, 0.0], "cls_3_precision_orig": [0.0, 0.0, 0.0, 0.0, 0.0, 0.0, 0.0, 0.0, 0.0, 0.0], "cls_0_recall_orig": [0.9997073170731707, 0.9997073170731707, 1.0, 1.0, 1.0, 0.9997474892395983, 0.9997073170731707, 0.9997073170731707, 1.0, 0.9997589670014347], "cls_1_recall_orig": [0.0, 0.0, 0.0, 0.0, 0.0, 0.0, 0.0, 0.0, 0.0, 0.0], "cls_2_recall_orig": [0.0, 0.0, 0.0, 0.0, 0.0, 0.0, 0.0, 0.0, 0.0, 0.0], "cls_3_recall_orig": [0.0, 0.0, 0.0, 0.0, 0.0, 0.0, 0.0, 0.0, 0.0, 0.0], "cls_0_f1_orig": [0.9852494527931587, 0.9852494527931587, 0.9853957841460139, 0.9853957841460139, 0.9853957841460139, 0.9852695399877269, 0.9852494527931587, 0.9852494527931587, 0.9853957841460139, 0.9852752790401077], "cls_1_f1_orig": [0.0, 0.0, 0.0, 0.0, 0.0, 0.0, 0.0, 0.0, 0.0, 0.0], "cls_2_f1_orig": [0.0, 0.0, 0.0, 0.0, 0.0, 0.0, 0.0, 0.0, 0.0, 0.0], "cls_3_f1_orig": [0.0, 0.0, 0.0, 0.0, 0.0, 0.0, 0.0, 0.0, 0.0, 0.0]}